Player,Age,G,MP,eFG%,FT,FTA,FT%,TRB,AST,STL,BLK,TOV,PTS
Jonathan Bender\bendejo01,19,24,5.4,0.343,0.7,1,0.667,0.9,0.1,0,0.2,0.3,2.7
Al Harrington\harrial01,19,50,17.1,0.473,1.6,2.2,0.703,3.2,0.8,0.5,0.2,1.3,6.6
Bruno Šundov\sundobr01,19,14,4.4,0.387,0.1,0.1,1,0.9,0.1,0.1,0.1,0.3,1.9
William Avery\averywi01,20,59,8.2,0.359,0.4,0.6,0.667,0.7,1.5,0.2,0,0.7,2.6
Elton Brand\brandel01,20,81,37,0.482,4.5,6.6,0.685,10,1.9,0.8,1.6,2.8,20.1
Baron Davis\davisba01,20,82,18.6,0.449,1.2,1.9,0.634,2,3.8,1.2,0.2,1.7,5.9
Ricky Davis\davisri01,20,48,11.9,0.503,0.8,1.1,0.765,1.7,1.3,0.6,0.2,1,4.7
Jumaine Jones\jonesju01,20,33,4.2,0.397,0.3,0.5,0.611,1.2,0.2,0.2,0.2,0.4,1.7
Rashard Lewis\lewisra02,20,82,19.2,0.521,1,1.5,0.683,4.1,0.9,0.8,0.4,1,8.2
Corey Maggette\maggeco01,20,77,17.8,0.48,2.5,3.4,0.751,3.9,0.8,0.3,0.3,1.8,8.4
Tracy McGrady*\mcgratr01,20,79,31.2,0.46,3.5,5,0.707,6.3,3.3,1.1,1.9,2,15.4
Lamar Odom\odomla01,20,76,36.4,0.467,4,5.5,0.719,7.8,4.2,1.2,1.3,3.4,16.6
Metta World Peace\artesro01,20,72,31.1,0.447,2.6,3.9,0.674,4.3,2.8,1.7,0.5,2.3,12
Corey Benjamin\benjaco01,21,48,18,0.459,1,1.7,0.598,1.8,1.1,0.6,0.5,1.5,7.7
Mike Bibby\bibbymi01,21,82,38.5,0.483,2.4,3,0.78,3.7,8.1,1.6,0.2,3,14.5
Kobe Bryant*\bryanko01,21,66,38.2,0.488,5,6.1,0.821,6.3,4.9,1.6,0.9,2.8,22.5
Dion Glover\glovedi01,21,30,14.9,0.421,1.7,2.3,0.729,1.3,0.9,0.5,0.1,0.9,6.5
Richard Hamilton\hamilri01,21,71,19.3,0.443,1.5,1.9,0.774,1.8,1.5,0.4,0.1,1.2,9
Larry Hughes\hughela01,21,82,28.3,0.413,3.4,4.6,0.74,4.3,2.5,1.4,0.3,2.4,15
Shawn Marion\mariosh01,21,51,24.7,0.476,1.4,1.7,0.847,6.5,1.4,0.7,1,1,10.2
Dirk Nowitzki\nowitdi01,21,82,35.8,0.513,3.5,4.2,0.83,6.5,2.5,0.8,0.8,1.7,17.5
Jermaine O'Neal\onealje01,21,70,12.3,0.486,0.8,1.4,0.582,3.3,0.3,0.2,0.8,0.7,3.9
Milt Palacio\palacmi01,21,53,7.4,0.439,0.4,0.7,0.595,1,0.9,0.4,0,0.8,2
Cal Bowdler\bowdlca01,22,46,9.2,0.426,0.5,0.8,0.632,1.8,0.3,0.3,0.2,0.5,2.7
Rodney Buford\buforro01,22,34,11.4,0.434,0.5,0.6,0.727,1.4,0.6,0.3,0.2,0.3,4.3
John Celestand\celesjo01,22,16,11.6,0.356,0.3,0.4,0.833,0.7,1.3,0.4,0,1,2.3
Michael Doleac\doleami01,22,81,16.5,0.453,1,1.2,0.842,4.1,0.8,0.4,0.4,0.8,7
Steve Francis\francst01,22,77,36.1,0.493,3.7,4.7,0.786,5.3,6.6,1.5,0.4,4,18
Devean George\georgde01,22,49,7,0.444,0.6,0.8,0.659,1.5,0.2,0.2,0.1,0.4,3.2
Lari Ketner\ketnela01,22,22,6,0.406,0.4,0.5,0.667,1.5,0,0.2,0.1,0.5,1.5
Quincy Lewis\lewisqu01,22,74,12.1,0.411,0.5,0.7,0.731,1.5,0.5,0.3,0.2,0.6,3.8
Tyronn Lue\luety01,22,8,18.3,0.538,0.8,1,0.75,1.5,2.1,0.4,0,1.1,6
Stephon Marbury\marbust01,22,74,38.9,0.457,5.9,7.2,0.813,3.2,8.4,1.5,0.2,3.6,22.2
Jelani McCoy\mccoyje01,22,58,12.9,0.576,0.8,1.6,0.495,3.1,0.4,0.3,0.8,0.8,4.3
Nazr Mohammed\mohamna01,22,28,6.8,0.389,0.4,0.8,0.545,1.8,0.1,0.1,0.4,0.6,1.9
Paul Pierce\piercpa01,22,73,35.4,0.486,4.9,6.2,0.798,5.4,3,2.1,0.8,2.4,19.5
Laron Profit\profila01,22,33,6.8,0.381,0.1,0.3,0.4,0.8,0.8,0.2,0.1,0.6,1.5
Peja Stojaković\stojape01,22,74,23.6,0.517,1.8,2.1,0.882,3.7,1.4,0.7,0.1,1.2,11.9
Wally Szczerbiak\szczewa02,22,73,29.7,0.532,1.8,2.2,0.826,3.7,2.8,0.8,0.3,1.1,11.6
Jason Terry\terryja01,22,81,23.3,0.453,1.4,1.7,0.807,2,4.3,1.1,0.1,1.9,8.1
Kenny Thomas\thomake01,22,72,25,0.429,1.9,2.9,0.66,6.1,1.6,0.8,0.3,1.6,8.3
Tim Thomas\thomati01,22,80,26.2,0.503,2.4,3,0.774,4.2,1.4,0.7,0.4,1.6,11.8
Robert Traylor\traylro01,22,44,10.2,0.475,0.9,1.5,0.603,2.6,0.5,0.6,0.6,0.6,3.6
Shareef Abdur-Rahim\abdursh01,23,82,39.3,0.477,5.4,6.7,0.809,10.1,3.3,1.1,1.1,3,20.3
Rafer Alston\alstora01,23,27,13.4,0.3,0.1,0.1,0.75,0.9,2.6,0.4,0,1.1,2.2
Tony Battie\battito01,23,82,18.4,0.478,1.2,1.8,0.675,5,0.8,0.6,0.9,0.8,6.6
Chauncey Billups\billuch01,23,13,23.5,0.371,2.8,3.4,0.841,2.6,3,0.8,0.2,1.8,8.6
Calvin Booth\boothca01,23,11,13,0.348,0.9,1.3,0.714,2.9,0.6,0.3,1.3,0.5,3.8
Earl Boykins\boykiea01,23,26,10,0.517,0.7,0.9,0.783,1,1.8,0.5,0,0.7,5.3
A.J. Bramlett\bramlaj01,23,8,7.6,0.19,0,0,,2.8,0,0.1,0,0.4,1
Greg Buckner\buckngr01,23,48,19.2,0.498,0.9,1.3,0.683,3.6,1.1,0.8,0.4,0.8,5.7
Vince Carter\cartevi01,23,82,38.1,0.493,5.3,6.7,0.791,5.8,3.9,1.3,1.1,2.2,25.7
Keith Closs\closske01,23,57,14.4,0.487,0.8,1.4,0.59,3.1,0.4,0.2,1.3,0.6,4.2
Vonteego Cummings\cummivo01,23,75,23.9,0.442,1.7,2.3,0.751,2.5,3.3,1.2,0.2,1.8,9.4
Tim Duncan*\duncati01,23,74,38.9,0.491,6.2,8.1,0.761,12.4,3.2,0.9,2.2,3.3,23.2
Danny Fortson\fortsda01,23,55,15.6,0.528,2.5,3.4,0.735,6.7,0.5,0.4,0.1,1.2,7.6
Jeff Foster\fosteje01,23,19,4.5,0.565,0.9,1.3,0.68,1.7,0.3,0.3,0.1,0.1,2.3
Kevin Garnett*\garneke01,23,81,40,0.507,3.8,5,0.765,11.8,5,1.5,1.6,3.3,22.9
Pat Garrity\garripa01,23,82,18,0.509,1,1.4,0.721,2.6,0.7,0.4,0.2,1,8.2
Matt Harpring\harprma01,23,4,15.8,0.294,1.5,1.8,0.857,3,2,1.3,0.3,0.3,4
Derek Hood\hoodde01,23,2,2,0,0,0,,0.5,0,0,0,0,0
Troy Hudson\hudsotr01,23,62,25.7,0.433,1.2,1.5,0.811,2.4,3.9,0.7,0,1.7,8.8
Jermaine Jackson\jacksje01,23,7,10.4,0.091,0.7,1.1,0.625,1.6,0.6,0.4,0,1,1
Tim James\jamesti01,23,4,5.8,0.357,0.3,0.8,0.333,1,0.5,0,0.8,0.5,2.8
Antawn Jamison\jamisan01,23,43,36.2,0.472,3,4.8,0.611,8.3,2.1,0.7,0.3,2.6,19.6
Harold Jamison\jamisha01,23,12,6.2,0.35,0.3,1.5,0.222,1.8,0.3,0.2,0.1,0.3,1.5
Damon Jones\jonesda01,23,55,11.1,0.483,0.6,0.9,0.667,1,1.7,0.3,0,0.7,4.2
Raef LaFrentz\lafrera01,23,81,30.1,0.48,2,2.9,0.686,7.9,1.2,0.5,2.2,1.2,12.4
Trajan Langdon\langdtr01,23,10,14.5,0.475,1.1,1.1,1,1.5,1.1,0.5,0,0.6,4.9
Ron Mercer\mercero01,23,68,35,0.433,3.1,4,0.789,3.7,2.3,1.1,0.3,2.2,16.9
Andre Miller\millean02,23,82,25.5,0.456,2.8,3.6,0.774,3.4,5.8,1,0.2,2,11.1
Brad Miller\millebr01,23,55,17.5,0.461,2.8,3.5,0.785,5.3,0.8,0.4,0.6,0.9,7.7
Rasho Nesterović\nestera01,23,82,21,0.476,0.7,1.3,0.573,4.6,1.1,0.3,1,0.9,5.7
Scott Padgett\padgesc01,23,47,9.2,0.361,0.4,0.6,0.704,1.9,0.5,0.3,0.2,0.5,2.6
James Posey\poseyja01,23,81,25.3,0.506,1.5,1.9,0.8,3.9,1.8,1.2,0.4,1.2,8.2
Aleksandar Radojević\radojal01,23,3,8,0.286,1,2,0.5,2.7,0.3,0.7,0.3,1.7,2.3
Ryan Robertson\roberry01,23,1,25,0.333,1,1,1,0,0,0,0,0,5
Eddie Robinson\robined01,23,67,16.6,0.549,0.7,1,0.734,2.7,0.5,0.7,0.4,0.6,7
Michael Ruffin\ruffimi01,23,71,13.7,0.42,0.6,1.2,0.489,3.5,0.6,0.4,0.4,0.8,2.2
Brian Skinner\skinnbr01,23,33,23.5,0.507,1.3,2,0.662,6.1,0.3,0.5,1.3,1.1,5.4
Vladimir Stepania\stepavl01,23,30,6.7,0.367,0.6,1.2,0.472,1.6,0.1,0.3,0.4,0.7,2.5
Maurice Taylor\tayloma01,23,62,35.9,0.464,2.3,3.2,0.711,6.5,1.6,0.8,0.8,2.7,17.1
Mirsad Türkcan\turkcmi01,23,17,5.3,0.368,0.3,0.5,0.625,1.9,0.3,0.2,0.1,0.5,1.9
Wayne Turner\turnewa01,23,3,13.7,0.167,0.7,2,0.333,1,1.7,0,0,1,1.3
Antoine Walker\walkean02,23,82,36.6,0.455,3.8,5.4,0.699,8,3.7,1.4,0.4,3.2,20.5
Samaki Walker\walkesa01,23,71,13.8,0.449,1.2,1.8,0.683,3.8,0.5,0.1,0.5,0.9,5.1
Bonzi Wells\wellsbo01,23,66,17.6,0.513,1.3,2,0.682,2.8,1.5,1,0.2,1.5,8.8
Jahidi White\whiteja01,23,80,19.2,0.507,1.4,2.6,0.536,6.9,0.2,0.4,1,1.2,7.1
Tim Young\youngti01,23,25,5.5,0.333,1.1,1.4,0.778,1.4,0.2,0.1,0,0.4,2.2
Ray Allen*\allenra02,24,82,37.4,0.516,4.3,4.9,0.887,4.4,3.8,1.3,0.2,2.2,22.1
Toby Bailey\baileto01,24,46,9.8,0.421,1,1.4,0.692,1.6,0.7,0.3,0.1,0.5,3.5
Ryan Bowen\bowenry01,24,52,11.3,0.397,0.7,1,0.717,2.2,0.4,0.8,0.3,0.3,2.5
Anthony Carter\cartean01,24,79,23.5,0.398,1.2,1.6,0.75,2.5,4.8,1.2,0.1,2.2,6.3
Keon Clark\clarkke01,24,81,22.8,0.543,1.5,2.2,0.688,6.2,0.9,0.6,1.4,1.5,8.6
Chris Crawford\crawfch01,24,55,12.1,0.413,1.1,1.5,0.778,1.8,0.6,0.3,0.3,0.7,4.6
Austin Croshere\croshau01,24,81,23.3,0.489,2.4,2.9,0.848,6.4,1.1,0.5,0.7,1.5,10.3
Erick Dampier\dampier01,24,21,23.6,0.405,1.3,2.4,0.529,6.4,0.9,0.4,0.7,1.4,8
Antonio Daniels\daniean01,24,68,17.6,0.506,1.1,1.5,0.713,1.3,2.6,0.8,0.1,0.9,6.2
Derrick Dial\dialde01,24,8,11.9,0.402,0.4,0.6,0.6,3.3,0.6,0.1,0.1,0.8,5
Michael Dickerson\dickemi01,24,82,37.8,0.483,3.3,4,0.83,3.4,2.5,1.4,0.5,2,18.2
Obinna Ekezie\ekeziob01,24,39,9,0.466,1.1,1.6,0.672,2.4,0.2,0.2,0.1,0.7,3.2
Evan Eschmeyer\eschmev01,24,31,12,0.528,0.5,1,0.5,3.5,0.7,0.3,0.7,0.7,2.9
Adonal Foyle\foylead01,24,76,21.8,0.508,0.4,1.2,0.378,5.6,0.6,0.3,1.8,0.9,5.5
Thomas Hamilton\hamilth01,24,22,12.4,0.443,0.5,1,0.522,4.1,0.7,0.2,0.6,1.3,3.7
Cedric Henderson\hendece02,24,61,18.1,0.397,1.1,1.7,0.663,2.3,0.9,0.6,0.3,1.1,5.4
Chris Herren\herrech01,24,45,13.3,0.46,0.6,0.9,0.675,1.2,2.5,0.3,0,0.9,3.1
Allen Iverson*\iversal01,24,70,40.8,0.446,6.3,8.9,0.713,3.8,4.7,2.1,0.1,3.3,28.4
Randell Jackson\jacksra02,24,1,1,,0,0,,0,0,0,0,0,0
Sam Jacobson\jacobsa01,24,52,13.1,0.531,0.6,0.8,0.732,1.4,0.6,0.6,0.1,0.6,4.9
DeMarco Johnson\johnsde02,24,5,7.4,0.333,0,0,,1.4,0,0.2,0,0.6,1.2
Charles Jones\jonesch03,24,56,11.8,0.425,0.3,0.4,0.739,1.1,1.7,0.5,0.1,0.5,3.4
Brevin Knight\knighbr01,24,65,27,0.414,2.2,2.8,0.761,3,7,1.6,0.3,2.4,9.3
Randy Livingston\livinra01,24,79,13.7,0.441,0.7,0.8,0.839,1.6,2.2,0.6,0.2,1.2,4.8
Todd MacCulloch\maccuto01,24,56,9.4,0.553,0.5,1,0.519,2.6,0.2,0.2,0.7,0.5,3.7
Sean Marks\marksse01,24,5,2.4,0.333,0.8,0.8,1,0.4,0,0.2,0.2,0.6,1.6
Roshown McLeod\mcleoro01,24,44,19.5,0.398,1.2,1.6,0.771,3.1,1.2,0.4,0.1,1.3,7.2
Jason Miskiri\miskija01,24,1,3,0,0,0,,0,1,0,0,0,0
Cuttino Mobley\moblecu01,24,81,30.8,0.481,3.7,4.4,0.847,3.6,2.6,1.1,0.4,2.3,15.8
Mikki Moore\mooremi01,24,29,16.8,0.621,1.9,2.3,0.794,3.9,0.6,0.3,1.1,0.8,7.9
Tyrone Nesby\nesbyty01,24,73,31.7,0.449,2.1,2.6,0.791,3.8,1.7,1,0.4,1.4,13.3
Michael Olowokandi\olowomi01,24,80,31.2,0.437,1.5,2.4,0.651,8.2,0.5,0.4,1.8,2.2,9.8
Anthony Parker\parkean01,24,16,11.6,0.43,0.5,0.7,0.727,1.7,0.6,0.5,0.3,0.7,3.6
Andrae Patterson\pattean01,24,5,4,0.75,0,0,,0.4,0.2,0.2,0,0.2,1.2
Ruben Patterson\patteru01,24,81,25.9,0.545,2.7,4,0.692,5.4,1.6,1.2,0.5,1.8,11.6
Scot Pollard\pollasc01,24,76,17.6,0.527,1.5,2.1,0.717,5.3,0.6,0.7,0.8,0.7,5.4
Vitaly Potapenko\potapvi01,24,79,22.7,0.499,1.4,2,0.681,6.3,1,0.5,0.4,1.8,9.2
Joe Smith\smithjo02,24,78,25.3,0.465,2.5,3.3,0.756,6.2,1.1,0.6,1.1,1.5,9.9
Ryan Stack\stackry01,24,25,7.9,0.333,0.7,1.1,0.667,1.8,0.2,0.2,0.4,0.7,2.1
Michael Stewart\stewami01,24,42,9.3,0.377,0.4,0.8,0.563,2.2,0.1,0.1,0.5,0.4,1.4
John Thomas\thomajo02,24,55,8.7,0.458,0.3,0.7,0.39,1.4,0.2,0.2,0.3,0.3,2.1
Keith Van Horn\vanhoke01,24,80,34.8,0.478,4.2,4.9,0.847,8.5,2,0.8,0.8,3.1,19.2
Jacque Vaughn\vaughja01,24,78,11.3,0.443,0.7,1,0.75,0.8,1.6,0.4,0,1,3.7
Jason Williams\willija02,24,81,34.1,0.448,1.6,2.1,0.753,2.8,7.3,1.4,0.1,3.7,12.3
Shammond Williams\willish01,24,43,12,0.427,0.8,1.2,0.647,1.2,1.8,0.4,0,0.9,5.2
Lorenzen Wright\wrighlo02,24,75,16.1,0.5,1.2,1.8,0.644,4.1,0.3,0.4,0.5,0.9,6
Tariq Abdul-Wahad\abdulta01,25,61,25.9,0.426,2.4,3.2,0.756,4.8,1.6,1,0.5,1.7,11.4
Derek Anderson\anderde01,25,64,34.4,0.47,4.2,4.8,0.877,4,3.4,1.4,0.2,2.6,16.9
Chris Anstey\anstech01,25,73,13.8,0.444,1.6,2,0.789,3.8,0.9,0.4,0.3,1.1,6
Chucky Atkins\atkinch01,25,82,19.8,0.462,1.2,1.6,0.729,1.5,3.7,0.6,0,1.7,9.5
Marcus Brown\brownma01,25,6,7.5,0.286,0.3,0.3,1,1.2,0.5,0,0,0.5,1.7
Marcus Camby\cambyma01,25,59,26.2,0.481,2.5,3.7,0.67,7.8,0.8,0.7,2,1.2,10.2
Chris Carr\carrch01,25,57,20.5,0.427,1.9,2.2,0.856,3,1.5,0.5,0.3,2.1,9.3
Kelvin Cato\catoke01,25,65,24.3,0.537,2.1,3.2,0.649,6,0.4,0.5,1.9,1.1,8.7
Bryce Drew\drewbr01,25,72,18,0.454,0.6,0.7,0.849,1.4,2.3,0.6,0,0.9,5.8
Jamie Feick\feickja01,25,81,27.7,0.431,1.2,1.6,0.707,9.3,0.8,0.5,0.5,0.7,5.7
Derek Fisher\fishede01,25,78,23.1,0.4,1.3,1.9,0.724,1.8,2.8,1,0,1,6.3
Todd Fuller\fulleto02,25,41,9.7,0.418,0.8,1.3,0.604,2.7,0.1,0.2,0.2,0.7,3.3
Kiwane Lemorris Garris\garriki01,25,3,7.7,0.2,0,0,,0.3,0.7,0,0,0.3,1.3
Adrian Griffin\griffad01,25,72,26.8,0.443,1.7,2.2,0.753,5.2,2.5,1.6,0.2,1.3,6.7
Mark Hendrickson\hendrma01,25,15,4.7,0.625,0.2,0.3,0.75,0.9,0.4,0.1,0.1,0.2,0.9
Anthony Johnson\johnsan02,25,56,11.4,0.384,0.5,0.7,0.718,0.9,1.3,0.6,0.1,0.6,2.8
Kerry Kittles\kittlke01,25,62,30.6,0.506,1.6,2,0.795,3.6,2.3,1.3,0.3,0.9,13
Travis Knight\knightr01,25,63,6.5,0.39,0.3,0.4,0.607,2,0.4,0.1,0.4,0.4,1.7
Felipe López\lopezfe01,25,65,12,0.431,1,1.7,0.615,1.9,0.7,0.5,0.3,0.8,4.5
Walter McCarty\mccarwa01,25,61,14.4,0.413,0.6,0.9,0.722,1.8,1.1,0.4,0.4,1.1,3.8
Antonio McDyess\mcdyean01,25,81,33.3,0.507,4,6.4,0.626,8.5,2,0.9,1.7,2.8,19.1
Jeff McInnis\mcinnje01,25,25,23.9,0.449,0.5,0.7,0.765,2.9,3.6,0.6,0.1,1.1,7.2
Steve Nash*\nashst01,25,56,27.4,0.559,1.3,1.5,0.882,2.2,4.9,0.7,0.1,1.8,8.6
Malik Rose\rosema01,25,74,18.1,0.458,1.9,2.7,0.722,4.5,0.6,0.5,0.7,1.3,6.7
Jerry Stackhouse\stackje01,25,82,38.4,0.456,7.5,9.2,0.815,3.8,4.5,1.3,0.4,3.8,23.6
Johnny Taylor\taylojo01,25,6,5.7,0.393,0,0,,1,0.2,0.2,0.2,0.3,1.8
Gary Trent\trentga01,25,11,27.4,0.493,1,1.9,0.524,4.7,2,0.7,0.3,2.3,13.7
Ben Wallace\wallabe01,25,81,24.2,0.503,0.7,1.4,0.474,8.2,0.8,0.9,1.6,0.8,4.8
John Wallace\wallajo01,25,60,13.3,0.467,1.4,1.7,0.804,2.3,0.4,0.2,0.2,1.1,6.5
Rasheed Wallace\wallara01,25,81,35.1,0.522,2.9,4.1,0.704,7,1.8,1.1,1.3,1.9,16.4
Alvin Williams\willial02,25,55,14.2,0.425,0.9,1.2,0.738,1.5,2.3,0.6,0.2,0.9,5.3
Dedric Willoughby\willode01,25,25,20.3,0.422,1.6,2,0.765,2,2.6,0.9,0.1,1.5,7.6
Cory Alexander\alexaco01,26,29,11.3,0.332,0.6,0.8,0.773,1.4,2,0.8,0.1,1,2.8
Shandon Anderson\andersh01,26,82,32.9,0.524,2.4,3.1,0.767,4.7,2.9,1.2,0.4,2.4,12.3
Drew Barry\barrydr01,26,16,9.9,0.561,0.3,0.3,0.8,0.8,2.1,0.1,0,0.8,2.6
Mario Bennett\bennema01,26,1,3,0,0,0,,2,0,0,0,0,0
Etdrick Bohannon\bohanet01,26,13,9.1,0.538,1.2,1.8,0.625,2.4,0.4,0.2,0.5,0.8,2.2
Ira Bowman\bowmair01,26,11,1.8,1,0.1,0.2,0.5,0.2,0.1,0.1,0,0.1,0.5
Jason Caffey\caffeja01,26,71,30.4,0.479,2.9,4.9,0.597,6.8,1.7,0.9,0.3,2.4,12
Mark Davis\davisma02,26,23,20.2,0.409,1.3,2,0.66,3.7,1.7,1.1,0.2,1.7,6.2
Andrew DeClercq\declean01,26,82,22.3,0.508,1.1,2,0.588,5.4,0.7,0.8,0.8,1.3,6.6
Tony Delk\delkto01,26,46,14.8,0.446,1,1.3,0.797,1.9,1.2,0.8,0.1,0.7,6.4
Michael Finley\finlemi01,26,82,42.2,0.487,3.2,3.9,0.82,6.3,5.3,1.3,0.4,2.4,22.6
Darvin Ham\hamda01,26,35,22.6,0.555,1,2.2,0.449,4.9,1.2,0.8,0.8,0.8,5.1
Othella Harrington\harriot01,26,82,32.6,0.506,2.9,3.6,0.792,6.9,1.2,0.4,0.7,2.6,13.1
Juwan Howard\howarju01,26,82,35.5,0.459,2.5,3.4,0.735,5.7,3,0.8,0.3,2.7,14.9
Rick Hughes\hugheri02,26,21,10.7,0.486,0.6,1.2,0.462,2.3,0.4,0.1,0,0.7,3.9
Bobby Jackson\jacksbo01,26,73,14.2,0.423,1,1.3,0.776,2.1,2.4,0.7,0.1,0.8,5.1
Jason Kidd*\kiddja01,26,67,39,0.442,3,3.7,0.829,7.2,10.1,2,0.4,3.4,14.3
Rusty LaRue\larueru01,26,4,32.3,0.372,1.3,1.8,0.714,2.5,2.8,1.8,0,1.8,9.3
Voshon Lenard\lenarvo01,26,53,27.1,0.487,1.6,2,0.792,2.9,2.6,0.8,0.3,1.5,11.9
Donyell Marshall\marshdo01,26,64,32.4,0.423,3.1,4,0.78,10,2.6,1.1,1.1,1.9,14.2
Lamond Murray\murrala01,26,74,32,0.476,2.8,3.6,0.761,5.7,1.8,1.4,0.5,2.5,15.9
Moochie Norris\norrimo01,26,30,16.7,0.472,1.9,2.4,0.781,2.3,3.1,0.8,0,1,6.9
Greg Ostertag\ostergr01,26,81,19.8,0.464,1.5,2.3,0.636,6,0.2,0.2,2.1,1,4.5
Theo Ratliff\ratlith01,26,57,31.5,0.503,3.2,4.1,0.771,7.6,0.6,0.6,3,1.9,11.9
Bryant Reeves\reevebr01,26,69,25.7,0.448,1.6,2.4,0.648,5.7,1.2,0.5,0.6,1.7,8.9
Don Reid\reiddo01,26,38,13.1,0.536,0.6,0.9,0.706,2.7,0.3,0.6,0.8,0.6,3.8
Rodrick Rhodes\rhodero01,26,1,8,0,0,0,,1,0,2,0,2,0
Roy Rogers\rogerro02,26,40,8.9,0.398,0.5,1,0.463,2,0.2,0.1,1,0.3,2.2
Eric Snow\snower01,26,82,35,0.44,1.5,2.2,0.712,3.2,7.6,1.7,0.1,2,7.9
Damon Stoudamire\stoudda01,26,78,30.4,0.477,1.6,1.9,0.841,3.1,5.2,1,0,1.9,12.5
Erick Strickland\stricer01,26,68,29.8,0.483,2.4,2.9,0.831,4.8,3.1,1.5,0.2,1.5,12.8
Bob Sura\surabo01,26,73,30.4,0.512,2.4,3.4,0.697,3.9,3.9,1.2,0.3,2,13.8
Jamel Thomas\thomaja01,26,7,6.6,0.444,0.1,0.1,1,0.7,0.9,0.1,0,0.7,2.4
Chris Webber\webbech01,26,75,38.4,0.492,4.1,5.5,0.751,10.5,4.6,1.6,1.7,2.9,24.5
Jerome Williams\willije01,26,82,25.6,0.564,2.1,3.5,0.616,9.6,0.8,1.2,0.3,1.3,8.4
Corliss Williamson\willico02,26,76,22.5,0.5,2.1,2.8,0.769,3.8,1.1,0.5,0.3,1.4,10.3
Travis Best\besttr01,27,82,20.6,0.514,1.9,2.3,0.821,1.7,3.3,0.9,0.1,1.3,8.9
Lazaro Borrell\borrela01,27,17,9.8,0.444,0.4,0.6,0.545,2.4,0.6,0.4,0.2,0.4,3.6
Shawn Bradley\bradlsh01,27,77,24.7,0.48,1.5,1.9,0.765,6.5,0.8,0.9,2.5,1,8.4
Rick Brunson\brunsri01,27,37,7.8,0.429,0.3,0.5,0.611,0.7,1.3,0.2,0,0.8,1.9
Bill Curley\curlebi01,27,28,11,0.426,0.6,0.9,0.72,1.8,0.5,0.5,0.1,0.8,2.7
Ben Davis\davisbe01,27,5,4.4,0.333,0,0,,1.8,0.4,0.2,0.2,0.6,0.8
Howard Eisley\eisleho01,27,82,25.6,0.462,1,1.2,0.824,2.1,4.2,0.7,0.1,1.6,8.6
Brian Grant\grantbr01,27,63,21,0.493,1.8,2.6,0.675,5.5,1,0.5,0.4,1.3,7.3
Devin Gray\grayde01,27,21,5.9,0.405,0.9,1.4,0.655,1.2,0.2,0.2,0.1,0.2,2.3
Michael Hawkins\hawkimi01,27,12,3,0.269,0.1,0.2,0.5,0.6,1.1,0,0,0.3,0.7
Alan Henderson\hendeal01,27,82,33.8,0.462,2.7,4.1,0.671,7,0.9,1,0.7,1.7,13.2
Grant Hill*\hillgr01,27,74,37.5,0.501,6.5,8.2,0.795,6.6,5.2,1.4,0.6,3.2,25.8
Fred Hoiberg\hoibefr01,27,31,27.3,0.457,2.2,2.5,0.908,3.5,2.7,1.3,0.1,1.4,9
Gerard King\kingge02,27,62,17.1,0.502,0.8,1.1,0.742,4,0.8,0.5,0.2,0.7,5.3
Antonio Lang\langan02,27,10,3.8,0.167,0.4,0.5,0.8,0.5,0.2,0.4,0.1,0.2,0.6
Donny Marshall\marshdo02,27,6,6.5,0.273,0.8,1,0.833,0.2,0,0.3,0,0.5,1.8
Jamal Mashburn\mashbja01,27,76,37.2,0.493,2.4,3.1,0.778,5,3.9,1,0.2,2.4,17.5
Jim McIlvaine\mcilvji01,27,66,15.9,0.416,0.4,0.8,0.518,3.5,0.5,0.4,1.8,0.6,2.4
Aaron McKie\mckieaa01,27,82,23.8,0.449,1.5,1.8,0.829,3,2.9,1.3,0.2,1.4,8
Shaquille O'Neal*\onealsh01,27,79,40,0.574,5.5,10.4,0.524,13.6,3.8,0.5,3,2.8,29.7
Kevin Ollie\ollieke01,27,40,7.3,0.449,0.7,0.9,0.757,0.8,1.2,0.3,0,0.3,1.8
Cherokee Parks\parksch02,27,56,14.4,0.497,0.4,0.7,0.649,3.3,0.6,0.5,0.8,0.5,3
Khalid Reeves\reevekh01,27,3,16,0.25,1.7,1.7,1,1.3,4.3,0.7,0,2,3.7
Glenn Robinson\robingl01,27,81,35.9,0.502,2.8,3.5,0.802,6,2.4,1,0.5,2.8,20.9
Jalen Rose\roseja01,27,80,37.2,0.503,3.2,3.8,0.827,4.8,4,1.1,0.6,2.4,18.2
Dickey Simpkins\simpkdi01,27,69,23.9,0.405,0.9,1.7,0.542,5.4,1.4,0.3,0.3,1.9,4.2
Michael Smith\smithmi02,27,46,24.9,0.563,1.6,2.2,0.723,7.2,1.2,0.6,0.5,1,6.3
Joe Stephens\stephjo01,27,13,13.9,0.373,0.2,0.3,0.75,2.8,0.8,0.5,0.2,0.5,3.2
Kurt Thomas\thomaku01,27,80,24.6,0.506,1.3,1.6,0.781,6.3,1,0.6,0.5,1.3,8
Eric Williams\willier01,27,68,20.3,0.46,2,2.5,0.793,2.3,1.4,0.6,0.2,1,7.2
Vin Baker\bakervi01,28,79,36.1,0.456,3.6,5.2,0.682,7.7,1.9,0.6,0.8,2.7,16.6
Brent Barry\barrybr01,28,80,34.1,0.579,1.6,2,0.809,4.7,3.6,1.3,0.4,1.8,11.8
Bruce Bowen\bowenbr01,28,69,12.7,0.441,0.4,0.6,0.581,1.4,0.5,0.3,0.2,0.3,2.8
Calbert Cheaney\cheanca01,28,67,19.5,0.473,0.1,0.3,0.429,2.1,1.2,0.7,0.2,0.7,4
Kornél Dávid\davidko01,28,32,14.8,0.427,1.4,1.8,0.804,2.5,0.5,0.5,0.1,1,5.6
Anfernee Hardaway\hardaan01,28,60,37.6,0.494,3.8,4.8,0.79,5.8,5.3,1.6,0.6,2.6,16.9
Allan Houston\houstal01,28,82,38.6,0.525,3.4,4.1,0.838,3.3,2.7,0.8,0.2,2.3,19.7
Eddie Jones\jonesed02,28,72,39,0.484,5,5.8,0.864,4.8,4.2,2.7,0.7,2.2,20.1
Matt Maloney\malonma01,28,51,23,0.456,0.7,0.9,0.822,1.3,2.7,0.6,0.1,1.2,6.4
Darrick Martin\martida01,28,71,12.6,0.434,1.4,1.7,0.824,0.6,1.7,0.4,0,0.9,5.7
Anthony Miller\millean01,28,35,13.6,0.536,0.7,1.5,0.51,4.7,0.5,0.3,0.3,0.5,3.7
Eric Montross\montrer01,28,51,6.5,0.309,0.1,0.2,0.5,1.4,0.1,0.1,0.2,0.4,0.8
Gheorghe Mureșan\muresgh01,28,30,8.9,0.456,0.8,1.3,0.605,2.3,0.3,0,0.4,0.5,3.5
Tracy Murray\murratr01,28,80,22.9,0.517,1.5,1.8,0.851,3.4,0.9,0.6,0.3,1.1,10.2
Bo Outlaw\outlabo01,28,82,28.4,0.602,1,2,0.506,6.4,3,1.4,1.8,1.6,6
Wesley Person\persowe01,28,79,26,0.509,0.8,1,0.792,3.4,1.8,0.5,0.2,0.8,9.2
Isaiah Rider\rideris01,28,60,34.7,0.445,3.4,4.3,0.785,4.3,3.7,0.7,0.1,2.8,19.3
Carlos Rogers\rogerca01,28,53,20.8,0.526,1.5,2.6,0.591,5.2,0.8,0.3,0.6,1.2,8
Rodney Rogers\rogerro01,28,82,27.9,0.551,1.9,3,0.639,5.5,2.1,1.1,0.6,2,13.8
Nick Van Exel\vanexni01,28,79,37.3,0.445,2.5,3,0.817,3.9,9,0.9,0.1,2.8,16.1
Chris Whitney\whitnch01,28,82,19.8,0.509,1.4,1.6,0.848,1.6,3.8,0.7,0.1,1.3,7.8
Aaron Williams\williaa01,28,81,19.1,0.522,1.8,2.5,0.726,5,0.7,0.5,1.1,1,7.6
Monty Williams\willimo01,28,75,20,0.491,1.6,2.2,0.741,3.3,1.4,0.6,0.2,1.5,8.7
John Amaechi\amaecjo01,29,80,21.1,0.438,2.8,3.6,0.766,3.3,1.2,0.4,0.5,1.7,10.5
Kenny Anderson\anderke01,29,82,31.6,0.483,2.4,3.1,0.775,2.7,5.1,1.7,0.1,1.6,14
Terrell Brandon\brandte01,29,71,36.4,0.492,2.6,2.9,0.899,3.4,8.9,1.9,0.4,2.6,17.1
Scott Burrell\burresc01,29,74,18.1,0.492,0.5,0.7,0.78,3.5,1,0.9,0.6,0.5,6.1
Doug Christie\chrisdo01,29,73,31,0.472,2.5,3,0.843,3.9,4.4,1.4,0.6,2,12.4
Hubert Davis\davishu01,29,79,23,0.556,0.8,1,0.87,1.7,1.8,0.3,0,0.9,7.4
LaPhonso Ellis\ellisla01,29,58,22.6,0.454,1.1,1.6,0.695,5,1,0.6,0.4,0.9,8.4
Lawrence Funderburke\fundela01,29,75,13.7,0.523,1.5,2.2,0.706,3.1,0.4,0.4,0.3,0.5,6.4
Lucious Harris\harrilu01,29,77,19.6,0.469,1,1.3,0.798,2.4,1.3,0.8,0.1,0.5,6.7
Antonio Harvey\harvean01,29,19,7.2,0.567,0.4,0.6,0.583,1.7,0.3,0.1,0.3,0.6,2.2
Robert Horry\horryro01,29,76,22.2,0.478,1.2,1.5,0.788,4.8,1.6,1.1,1.1,1,5.7
Lindsey Hunter\hunteli01,29,82,35.6,0.519,1.4,1.9,0.76,3,4,1.6,0.3,1.8,12.7
Jim Jackson\jacksji01,29,79,35,0.458,2.4,2.7,0.877,5,2.9,0.7,0.1,2.3,16.7
Popeye Jones\jonespo01,29,40,8.3,0.433,0.4,0.5,0.737,2.6,0.5,0.1,0.2,0.3,2.6
Adam Keefe\keefead01,29,62,9.7,0.408,0.5,0.6,0.806,2.2,0.5,0.3,0.2,0.7,2.2
George Lynch\lynchge01,29,75,32.2,0.473,1.5,2.4,0.617,7.8,1.8,1.6,0.5,1.6,9.6
Sam Mack\macksa01,29,23,14.5,0.389,0.8,0.9,0.95,1.7,1,0.8,0,0.8,5
Oliver Miller\milleol01,29,51,21.3,0.588,1,1.4,0.671,5.1,1.3,0.8,1.6,1.5,6.3
Alonzo Mourning*\mournal01,29,79,34.8,0.551,5.2,7.4,0.711,9.5,1.6,0.5,3.7,2.7,21.7
Eric Piatkowski\piatker01,29,75,22.8,0.497,1.1,1.3,0.85,3,1.1,0.6,0.2,0.8,8.7
Stanley Roberts\roberst01,29,5,10.2,0.313,0,0.6,0,3,0.6,0.2,0.2,0.4,2
Bryon Russell\russebr01,29,82,35.4,0.504,2.9,3.9,0.75,5.2,1.9,1.6,0.3,1.2,14.1
Malik Sealy\sealyma01,29,82,29.2,0.482,2.2,2.7,0.812,4.3,2.4,0.9,0.2,1.3,11.3
Latrell Sprewell\sprewla01,29,82,40,0.452,4.2,4.8,0.866,4.3,4,1.3,0.3,2.8,18.6
Bryant Stith\stithbr01,29,45,15.4,0.5,1.4,1.7,0.831,1.9,1.4,0.4,0.3,0.7,5.6
Mark Strickland\stricma01,29,58,11.4,0.545,0.7,1,0.714,2.4,0.4,0.3,0.3,0.4,4.9
Žan Tabak\tabakza01,29,18,6.3,0.471,0.3,0.4,0.625,1.8,0.2,0.2,0.5,0.6,2.1
Fred Vinson\vinsofr01,29,8,5,0.353,0.1,0.3,0.5,0.1,0,0.4,0,0.5,1.6
Rex Walters\waltere01,29,33,11.8,0.445,0.4,0.5,0.75,1.1,2,0.2,0,0.9,2.8
Charlie Ward\wardch01,29,72,27.6,0.537,0.7,0.8,0.828,3.2,4.2,1.3,0.2,1.4,7.3
Clarence Weatherspoon\weathcl01,29,78,20.7,0.513,1.7,2.3,0.738,5.8,1.2,0.7,0.6,1.3,7.2
David Wesley\wesleda01,29,82,33.7,0.472,2.6,3.4,0.778,2.7,5.6,1.3,0.1,1.9,13.6
Walt Williams\williwa02,29,76,24.5,0.533,1.3,1.6,0.821,4,2.1,0.6,0.6,1.5,10.9
Isaac Austin\austiis01,30,59,19.9,0.43,1.6,2.3,0.686,4.8,1.3,0.3,0.6,1.8,6.7
Anthony Avent\aventan01,30,49,7.7,0.302,0.5,0.7,0.719,1.5,0.2,0.3,0.3,0.5,1.7
Jon Barry\barryjo01,30,62,20.7,0.561,1.7,1.9,0.922,2.6,2.4,1.2,0.1,1.4,8
P.J. Brown\brownpj01,30,80,28.8,0.48,1.5,2,0.755,7.5,1.8,0.8,0.8,1.3,9.6
Sam Cassell\cassesa01,30,81,35.8,0.477,4.8,5.5,0.876,3.7,9,1.3,0.1,3.3,18.6
Cedric Ceballos\cebalce01,30,69,29.9,0.468,3,3.6,0.843,6.7,1.3,0.8,0.3,1.8,16.6
John Crotty\crottjo01,30,69,13.6,0.488,1.2,1.3,0.86,1.1,1.9,0.4,0.1,0.8,4.7
Dale Davis\davisda01,30,74,28.7,0.502,1.9,2.7,0.685,9.9,0.9,0.7,1.3,1.2,10
Todd Day\dayto01,30,58,16.2,0.491,1.2,1.9,0.667,2.2,1.1,0.8,0.4,0.9,6.8
Tony Farmer\farmeto01,30,74,16.2,0.42,2.7,3.6,0.766,4,1,0.9,0.2,1.1,6.3
Rick Fox\foxri01,30,82,18,0.473,0.8,1,0.808,2.4,1.7,0.6,0.3,1.1,6.5
Matt Geiger\geigema01,30,65,21.6,0.441,1.7,2.2,0.779,6,0.6,0.4,0.3,1.4,9.7
Tom Gugliotta\guglito01,30,54,32.7,0.481,2.2,2.8,0.775,7.9,2.3,1.5,0.6,2,13.7
Larry Johnson\johnsla02,30,70,32.6,0.477,1.8,2.4,0.766,5.4,2.5,0.6,0.1,1.3,10.7
Shawn Kemp\kempsh01,30,82,30.4,0.418,6,7.7,0.776,8.8,1.7,1.2,1.2,3.5,17.8
Christian Laettner\laettch01,30,82,29.8,0.478,2.9,3.6,0.812,6.7,2.3,1,0.5,2.3,12.2
Don MacLean\macledo01,30,16,8.9,0.388,0.3,0.4,0.667,1.4,0.5,0.1,0.1,0.5,2.6
Chris Mills\millsch01,30,20,32.5,0.435,3.4,4.2,0.81,6.2,2.4,0.9,0.2,1.3,16.1
Doug Overton\overtdo01,30,48,9,0.429,0.4,0.4,0.952,0.7,1.1,0.2,0,0.4,3.2
Billy Owens\owensbi01,30,62,21,0.434,1,1.7,0.594,4.9,1.6,0.5,0.3,1.4,6
Robert Pack\packro01,30,29,22.9,0.426,2.2,2.7,0.808,1.4,5.8,1.1,0.1,2.6,8.9
Anthony Peeler\peelean01,30,82,25.3,0.494,1.1,1.3,0.798,2.8,2.4,0.8,0.1,1,9.8
Elliot Perry\perryel01,30,60,13.4,0.454,0.8,1,0.806,1,2.3,0.7,0,1,5.3
Bobby Phills\phillbo01,30,28,29.5,0.499,1.7,2.3,0.723,2.5,2.8,1.5,0.3,1.7,13.6
Sean Rooks\rooksse01,30,71,14.1,0.431,0.9,1.3,0.73,3.5,1,0.4,0.7,1,4.4
Steve Smith\smithst01,30,82,32.8,0.52,3.5,4.1,0.85,3.8,2.5,0.9,0.4,1.4,14.9
Lorenzo Williams\willilo01,30,8,9.5,0.778,0,0,,3.1,0.1,0.4,0.8,0.4,1.8
Darrell Armstrong\armstda01,31,82,31.6,0.494,2.7,3,0.911,3.3,6.1,2.1,0.1,3,16.2
Stacey Augmon\augmost01,31,59,11.7,0.474,0.6,0.9,0.673,2,0.9,0.5,0.2,0.6,3.4
Corie Blount\blounco01,31,38,11.7,0.494,0.5,0.9,0.576,3,0.3,0.4,0.2,0.7,2.8
Chucky Brown\brownch01,31,63,17.4,0.454,0.6,0.8,0.692,2.7,1,0.3,0.3,0.7,5.3
Dee Brown\brownde01,31,38,17.7,0.49,0.3,0.4,0.688,1.4,2.3,0.6,0.1,1,6.9
Randy Brown\brownra02,31,59,27.5,0.364,1.1,1.4,0.738,2.4,3.4,1,0.3,1.8,6.4
Jud Buechler\buechju01,31,58,11.3,0.41,0,0.1,0.286,1.6,0.6,0.4,0.3,0.2,2.2
Elden Campbell\campbel01,31,78,32.5,0.446,3.2,4.6,0.69,7.6,1.7,0.7,1.9,1.6,12.7
Duane Causwell\causwdu01,31,25,7.4,0.541,1,1.5,0.684,1.9,0.1,0.1,0.6,0.4,2.6
Pete Chilcutt\chilcpe01,31,56,10.7,0.441,0.1,0.1,1,2.3,0.5,0.3,0.2,0.4,2.1
Bimbo Coles\colesbi01,31,80,24.1,0.461,1.1,1.3,0.817,2.2,3.6,0.7,0.1,1.3,8.1
Michael Curry\currymi01,31,82,19.6,0.482,1.7,2,0.839,1.3,1.1,0.4,0.1,0.9,6.2
Antonio Davis\davisan01,31,79,31.4,0.44,3.6,4.7,0.765,8.8,1.3,0.5,1.3,1.5,11.5
Emanual Davis\davisem01,31,54,13,0.434,0.5,0.7,0.684,1.9,1.3,0.7,0.1,0.8,4
Vlade Divac*\divacvl01,31,82,29,0.507,2.8,4.1,0.691,8,3,1.3,1.3,2.3,12.3
Sean Elliott\elliose01,31,19,20.6,0.42,1.3,1.7,0.781,2.5,1.5,0.6,0.1,1,6
Greg Foster\fostegr01,31,60,12,0.413,0.3,0.5,0.643,1.8,0.7,0.2,0.3,0.5,3.4
Kendall Gill\gillke01,31,76,31,0.425,2.4,3.4,0.71,3.7,2.8,1.8,0.5,1.2,13.1
Tyrone Hill\hillty01,31,68,31.7,0.485,2.6,3.8,0.691,9.2,0.8,0.9,0.4,1.8,12
Toni Kukoč\kukocto01,31,56,31.9,0.438,3.4,4.7,0.725,4.9,4.7,1.4,0.5,2.6,14.8
Luc Longley\longllu01,31,72,19.7,0.466,1.1,1.3,0.825,4.5,1.1,0.3,0.6,1.9,6.3
Eric Murdock\murdoer01,31,40,17.3,0.424,1.3,2,0.638,1.9,2.7,1.2,0.1,1.5,5.6
Gary Payton*\paytoga01,31,82,41.8,0.502,3.8,5.2,0.735,6.5,8.9,1.9,0.2,2.7,24.2
Brent Price\pricebr01,31,41,10.3,0.45,0.8,1,0.872,0.9,1.7,0.4,0,1.1,3.4
J.R. Reid\reidjr01,31,34,17.7,0.421,1.3,1.6,0.768,3.4,0.5,0.6,0.1,0.6,4.4
Dennis Scott\scottde01,31,66,19.1,0.482,0.7,0.9,0.842,1.6,1,0.4,0.1,0.5,5.6
Derek Strong\stronde01,31,20,7.4,0.448,0.6,0.7,0.786,2.2,0.2,0.3,0.1,0.6,2.7
Loy Vaught\vaughlo01,31,43,6.8,0.36,0.3,0.4,0.688,2.1,0.3,0.1,0.1,0.3,1.7
Scott Williams\willisc01,31,68,21.9,0.5,1.4,1.9,0.729,6.6,0.4,0.6,1,1,7.6
Nick Anderson\anderni01,32,72,29.1,0.476,0.5,1.1,0.487,4.7,1.7,1.3,0.2,1.3,10.8
Greg Anthony\anthogr01,32,82,18.9,0.512,1.1,1.4,0.772,1.6,2.5,0.7,0.1,1,6.3
B.J. Armstrong\armstbj01,32,27,21.6,0.481,0.8,0.9,0.88,1.7,2.9,0.3,0,1.5,7.4
Dana Barros\barroda01,32,72,15.8,0.518,0.9,1.1,0.868,1.4,1.8,0.4,0.1,0.9,7.2
Mookie Blaylock\blaylmo01,32,73,33.7,0.451,0.9,1.3,0.705,3.7,6.7,2,0.3,2,11.3
Matt Bullard\bullama01,32,56,18.3,0.525,0.4,0.5,0.833,2.5,1.1,0.3,0.2,0.6,6.8
Rex Chapman\chapmre01,32,53,18.1,0.452,1.1,1.5,0.756,1.5,1.2,0.4,0,0.7,6.6
Chris Childs\childch01,32,71,23.6,0.461,0.7,0.8,0.797,2.1,4,0.5,0.1,1.5,5.3
Derrick Coleman\colemde01,32,74,31.7,0.482,4,5.1,0.785,8.5,2.4,0.5,1.8,2.3,16.7
Marty Conlon\conloma01,32,3,3,0.5,0,0,,0.7,0,0,0,0,0.7
Pervis Ellison\ellispe01,32,30,9,0.442,0.5,0.7,0.714,2.2,0.4,0.3,0.3,0.4,1.8
Chris Gatling\gatlich01,32,85,21.3,0.466,3.1,4.4,0.713,5.9,0.8,1,0.3,2,11.9
Tom Hammonds\hammoto01,32,56,6.6,0.433,0.6,1,0.589,1.8,0.2,0.1,0.1,0.4,2.1
Jaren Jackson\jacksja01,32,81,20.9,0.492,0.4,0.6,0.647,2.2,1.5,0.7,0.1,0.8,6.3
Ervin Johnson\johnser02,32,80,26.6,0.516,1.2,2,0.605,8.1,0.6,1,1.6,1,4.8
Reggie Jordan\jordare01,32,36,6.8,0.321,0.2,0.4,0.538,1.1,0.9,0.3,0.1,0.5,1.1
Tony Massenburg\masseto01,32,10,10.9,0.444,1.4,1.6,0.875,2.7,0.3,0.2,0.5,0.9,4.6
George McCloud\mccloge01,32,78,27.2,0.501,1.9,2.3,0.818,3.7,3.2,0.6,0.3,1.7,10.1
Terry Mills\millste01,32,82,22.5,0.536,0.3,0.4,0.735,4.8,1,0.5,0.3,0.6,6.7
Eldridge Recasner\recasel01,32,7,4,0.5,0,0,,0.6,0.7,0,0,0,1
Glen Rice\ricegl01,32,80,31.6,0.472,4.3,5,0.874,4.1,2.2,0.6,0.2,1.4,15.9
Felton Spencer\spencfe01,32,26,5.7,0.455,0.8,1.2,0.667,1.5,0.1,0.2,0.3,0.3,1.9
Doug West\westdo01,32,38,15.3,0.407,0.9,1.1,0.85,1.9,1.1,0.3,0.2,0.5,4
Vinny Del Negro\delnevi01,33,67,18.1,0.483,0.5,0.6,0.897,1.6,2.4,0.5,0,0.7,5.2
Sherman Douglas\douglsh01,33,20,15.5,0.528,1.3,1.4,0.893,1.5,1.7,0.9,0,1.2,6
Danny Ferry\ferryda01,33,63,21,0.541,0.8,0.9,0.912,3.8,1.1,0.3,0.4,0.9,7.3
Dean Garrett\garrede01,33,56,10.8,0.444,0.3,0.5,0.692,2.5,0.3,0.1,0.7,0.4,2
Tim Hardaway\hardati01,33,52,32.2,0.459,2.1,2.6,0.827,2.9,7.4,0.9,0.1,2.3,13.4
Hersey Hawkins\hawkihe01,33,61,26.6,0.497,1.8,2,0.899,2.9,2.2,1.2,0.2,1.6,7.9
Kevin Johnson\johnske02,33,6,18.8,0.589,1.2,1.2,1,2.7,4,0.3,0,1.2,6.7
Andrew Lang\langan01,33,19,12.8,0.438,0.2,0.4,0.429,3.2,0.2,0.4,0.3,0.3,3.1
Tim Legler\legleti01,33,23,12.3,0.404,0.6,0.8,0.778,1,1,0.2,0,0.3,3.3
Grant Long\longgr01,33,42,21.9,0.443,1.3,1.7,0.775,5.6,1,1.1,0.2,1.2,4.8
Danny Manning\mannida01,33,72,16.9,0.441,0.5,0.7,0.654,2.9,1,0.9,0.4,0.8,4.6
Anthony Mason\masonan01,33,82,38.2,0.48,3.8,5.1,0.746,8.5,4.5,0.9,0.4,2,11.6
Derrick McKey\mckeyde01,33,32,19.8,0.444,1.3,1.8,0.768,4.2,1.1,0.9,0.4,0.6,4.3
Dikembe Mutombo*\mutomdi01,33,82,36.4,0.562,3.6,5.1,0.708,14.1,1.3,0.3,3.3,2.1,11.5
Clifford Robinson\robincl02,33,80,35.5,0.517,3.7,4.8,0.782,4.5,2.8,1.1,0.8,2.1,18.5
Brian Shaw\shawbr01,33,74,16.9,0.41,0.6,0.7,0.759,2.9,2.7,0.5,0.2,1,4.1
Rik Smits\smitsri01,33,79,23.4,0.484,2,2.7,0.739,5.1,1.1,0.3,1.3,1.4,12.9
Rod Strickland\stricro02,33,69,31.7,0.43,3.1,4.4,0.702,3.8,7.5,1.4,0.3,2.7,12.6
Mark Bryant\bryanma01,34,75,22.8,0.503,1,1.3,0.809,4.7,0.8,0.4,0.4,1.2,5.7
Chris Dudley\dudlech02,34,47,9.8,0.343,0.2,0.6,0.333,2.9,0.1,0.1,0.4,0.4,1.2
Gary Grant\grantga01,34,3,8,0.429,0,0,,1,0.3,0.3,0,0.7,4
Horace Grant\grantho01,34,76,35.4,0.444,1.1,1.5,0.721,7.8,2.5,0.7,0.8,0.8,8.1
Mark Jackson\jacksma01,34,81,27,0.51,1,1.2,0.806,3.7,8,0.9,0.1,2.1,8.1
Avery Johnson\johnsav01,34,82,31.4,0.474,1.4,1.9,0.735,1.9,6,0.9,0.2,1.7,11.2
Steve Kerr\kerrst01,34,32,8.4,0.541,0.3,0.3,0.818,0.6,0.4,0.1,0,0.2,2.8
Dan Majerle\majerda01,34,69,33.4,0.533,0.8,1,0.812,4.8,3,1.3,0.2,0.9,7.3
Vernon Maxwell\maxweve01,34,47,21,0.413,2.3,3.1,0.73,1.7,1.6,0.8,0.2,1.1,10.9
Reggie Miller*\millere01,34,81,36.9,0.527,4.6,5,0.919,3,2.3,1,0.3,1.6,18.1
Will Perdue\perduwi01,34,67,15.1,0.351,0.7,1.6,0.476,3.9,1,0.2,0.6,1.2,2.5
Scottie Pippen*\pippesc01,34,82,33.5,0.501,2,2.7,0.717,6.3,5,1.4,0.5,2.5,12.5
Mitch Richmond*\richmmi01,34,74,32.4,0.47,4,4.6,0.876,2.9,2.5,1.5,0.2,2.1,17.4
David Robinson*\robinda01,34,80,32,0.512,4.6,6.4,0.726,9.6,1.8,1.2,2.3,2.1,17.8
John Starks\starkjo01,34,37,32.2,0.429,1.4,1.6,0.847,2.7,4.9,1.1,0.1,1.8,13.9
Haywoode Workman\workmha01,34,36,9.7,0.422,0.3,0.4,0.667,0.7,1.7,0.6,0,0.5,2.4
Benoit Benjamin\benjabe01,35,3,2.7,0.333,0,0,,0.3,0,0,0.3,0,0.7
Muggsy Bogues\boguemu01,35,80,21.6,0.462,1,1.1,0.908,1.7,3.7,0.8,0.1,0.7,5.1
Dell Curry\curryde01,35,67,16.3,0.532,0.4,0.5,0.75,1.5,1.3,0.5,0.1,0.6,7.6
Armen Gilliam\gilliar01,35,50,15.6,0.436,1.3,1.7,0.779,4.2,0.8,0.2,0.3,1.1,6.7
Chuck Person\persoch01,35,37,9.2,0.398,0.1,0.2,0.5,1.4,0.6,0.1,0.1,0.3,2.8
Olden Polynice\polynol01,35,82,22.2,0.511,0.3,1.1,0.311,5.5,0.5,0.4,1,0.9,5.3
Arvydas Sabonis*\sabonar01,35,66,25.6,0.511,2.5,3,0.843,7.8,1.8,0.7,1.2,1.5,11.8
John Salley\sallejo01,35,45,6.7,0.362,0.5,0.6,0.75,1.4,0.6,0.2,0.3,0.4,1.6
Charles Barkley*\barklch01,36,20,31,0.491,3.6,5.5,0.645,10.5,3.2,0.7,0.2,2.2,14.5
Mario Elie\eliema01,36,79,28.1,0.508,1.6,1.9,0.846,3.2,2.4,0.9,0.1,1.6,7.5
A.C. Green\greenac01,36,82,23.5,0.448,0.8,1.2,0.695,5.9,1,0.6,0.2,0.6,5
Ron Harper\harpero01,36,80,25.5,0.43,1.3,1.8,0.68,4.2,3.4,1.1,0.5,1.7,7
Jeff Hornacek\hornaje01,36,77,27.7,0.537,2.2,2.3,0.95,2.4,2.6,0.9,0.2,1.5,12.4
Karl Malone*\malonka01,36,82,35.9,0.51,7.2,9,0.797,9.5,3.7,1,0.9,2.8,25.5
Sam Mitchell\mitchsa01,36,66,18.6,0.46,1.2,1.4,0.88,2.1,1.7,0.4,0.2,0.7,6.5
Chris Mullin*\mullich01,36,47,12.4,0.548,0.8,0.9,0.902,1.6,0.8,0.6,0.2,0.6,5.1
Johnny Newman\newmajo01,36,82,21.5,0.504,2.3,2.8,0.838,1.9,0.8,0.6,0.1,1.1,10
Charles Oakley\oaklech01,36,80,30.4,0.43,0.8,1.1,0.776,6.8,3.2,1.3,0.6,1.9,6.9
Terry Porter\portete01,36,68,23.7,0.544,2,2.5,0.806,2.8,3.3,0.7,0.1,1.5,9.4
Bill Wennington\wennibi01,36,7,8.1,0.316,0.3,0.3,1,2.7,0.1,0.3,0.3,0.1,2
David Wingate\wingada01,36,7,4.6,0.111,0,0,,0.3,0.4,0.1,0.3,0.3,0.3
Tyrone Corbin\corbity01,37,54,17.4,0.377,0.6,0.7,0.846,3.1,1.1,0.7,0.1,0.5,4.1
Patrick Ewing*\ewingpa01,37,62,32.8,0.466,3.3,4.6,0.731,9.7,0.9,0.6,1.4,2.3,15
Jerome Kersey\kerseje01,37,72,18.2,0.412,0.4,0.6,0.707,3.1,1,0.9,0.7,0.7,4.5
Hakeem Olajuwon*\olajuha01,37,44,23.8,0.458,1.6,2.5,0.616,6.2,1.4,0.9,1.6,1.7,10.3
Detlef Schrempf\schrede01,37,77,21.6,0.456,2.3,2.8,0.833,4.3,2.6,0.5,0.2,1.3,7.5
John Stockton*\stockjo01,37,82,29.7,0.53,2.7,3.1,0.86,2.6,8.6,1.7,0.2,2.2,12.1
Otis Thorpe\thorpot01,37,51,15.2,0.514,0.6,0.9,0.604,3.3,0.6,0.5,0.2,1.2,5.5
Kevin Willis\willike02,37,79,21.3,0.416,1.7,2.1,0.799,6.1,0.6,0.5,0.6,1.2,7.6
Michael Cage\cagemi01,38,20,12.1,0.5,0.2,0.2,1,4.1,0.5,0.4,0.4,0.2,1.4
Antoine Carr\carran01,38,21,10.5,0.438,0.5,0.7,0.786,1.5,0.3,0.1,0.3,0.4,3.2
Terry Cummings\cummite01,38,22,18.1,0.429,1.5,1.8,0.821,4.9,1,0.6,0.4,1.2,8.4
Joe Kleine\kleinjo01,38,7,4.4,0.364,0.4,0.4,1,0.9,0.3,0.1,0,0.3,1.6
Sam Perkins\perkisa01,38,81,20,0.518,1,1.2,0.825,3.6,0.8,0.4,0.4,0.8,6.6
Dennis Rodman*\rodmade01,38,12,32.4,0.387,0.8,1.2,0.714,14.3,1.2,0.2,0.1,1.6,2.8
Dale Ellis\ellisda01,39,42,13.4,0.531,0.2,0.3,0.692,1.3,0.3,0.3,0,0.5,4.2
Mark West\westma01,39,22,5.8,0.417,0.2,0.4,0.625,1.4,0.1,0.1,0.2,0.3,0.7
C.J. Miles\milescj01,19,37,10.1,0.375,0.4,0.6,0.609,0.9,0.7,0.3,0.1,0.8,2.7
Yaroslav Korolev\korolya01,19,10,4.1,0.281,0.3,0.6,0.5,0.3,0.4,0.3,0,0.1,1.2
Amir Johnson\johnsam01,19,8,15.5,0.545,1.4,1.8,0.786,4.6,0.4,0.6,1.6,1.1,5.9
Ersan İlyasova\ilyaser01,19,66,14.7,0.457,1.1,1.3,0.787,2.9,0.7,0.4,0.3,0.8,6.1
Andrew Bynum\bynuman01,19,82,21.9,0.558,1.7,2.6,0.668,5.9,1.1,0.1,1.6,1.4,7.8
Shawne Williams\willish03,20,46,12.1,0.528,0.2,0.4,0.55,1.8,0.5,0.1,0.2,0.5,3.9
Marvin Williams\willima02,20,64,34,0.441,3.4,4.1,0.815,5.3,1.9,0.8,0.5,2,13.1
Lou Williams\willilo02,20,61,11.3,0.469,1,1.5,0.696,1.1,1.8,0.4,0,0.8,4.3
Martell Webster\webstma02,20,82,21.5,0.489,1.1,1.6,0.705,2.9,0.6,0.4,0.2,0.9,7
Tyrus Thomas\thomaty01,20,72,13.4,0.475,1.5,2.4,0.606,3.7,0.6,0.6,1.1,1.3,5.2
Mouhamed Sene\senesa01,20,28,6,0.367,0.6,1,0.586,1.6,0,0.1,0.4,0.4,1.9
Rajon Rondo\rondora01,20,78,23.5,0.424,1.5,2.4,0.647,3.7,3.8,1.6,0.1,1.8,6.4
Sergio Rodríguez\rodrise01,20,67,12.9,0.473,0.3,0.4,0.808,1.4,3.3,0.5,0,1.1,3.7
Patrick O'Bryant\obryapa01,20,16,7.4,0.313,0.7,1.1,0.647,1.3,0.6,0.4,0.5,0.5,1.9
Kyle Lowry\lowryky01,20,10,17.5,0.408,2.5,2.8,0.893,3.1,3.2,1.4,0.1,1.2,5.6
Daniel Gibson\gibsoda01,20,60,16.5,0.537,0.5,0.7,0.718,1.5,1.2,0.4,0.1,0.7,4.6
Rudy Gay\gayru01,20,78,27,0.457,1.9,2.7,0.727,4.5,1.3,0.9,0.9,1.8,10.8
Jordan Farmar\farmajo01,20,72,15.1,0.498,0.4,0.5,0.711,1.7,1.9,0.6,0.1,1,4.4
Andray Blatche\blatcan01,20,56,12.2,0.447,0.5,0.9,0.612,3.4,0.7,0.3,0.6,0.9,3.7
Andris Biedriņš\biedran01,20,82,29,0.599,1.1,2,0.521,9.3,1.1,0.8,1.7,1.5,9.5
Dorell Wright\wrighdo01,21,66,19.6,0.452,1,1.3,0.744,4.1,1.4,0.6,0.7,1,6
Marcus Williams\willima03,21,79,16.6,0.439,0.9,1.1,0.847,2.1,3.3,0.4,0,1.8,6.8
Von Wafer\wafervo01,21,1,1,0,0,0,,0,0,0,0,0,0
P.J. Tucker\tuckepj01,21,17,4.9,0.5,0.5,0.8,0.571,1.4,0.2,0.1,0,0.4,1.8
Sebastian Telfair\telfase01,21,78,20.2,0.41,1.2,1.4,0.818,1.4,2.8,0.6,0.1,1.3,6.1
Josh Smith\smithjo03,21,72,36.8,0.458,3.7,5.4,0.693,8.6,3.3,1.4,2.9,3.2,16.4
J.R. Smith\smithjr01,21,63,23.3,0.557,1.6,2,0.81,2.3,1.4,0.8,0.1,1.3,13
Cedric Simmons\simmoce01,21,43,12.4,0.417,0.4,0.8,0.485,2.5,0.3,0.2,0.5,0.5,2.9
Johan Petro\petrojo01,21,81,18.6,0.516,0.6,1,0.649,4.1,0.6,0.5,0.6,1,6.2
Chris Paul\paulch01,21,64,36.8,0.466,4.6,5.6,0.818,4.4,8.9,1.8,0,2.5,17.3
Randolph Morris\morrira01,21,5,8.8,0.167,0.4,1.2,0.333,1.8,0.2,0.4,0.2,0.4,0.8
Paul Millsap\millspa01,21,82,18,0.526,1.7,2.5,0.673,5.2,0.8,0.8,0.9,1.1,6.8
Darko Miličić\milicda01,21,80,23.9,0.454,1.8,2.9,0.613,5.5,1.1,0.6,1.8,1.6,8
Damir Markota\markoda01,21,30,5.7,0.423,0.2,0.4,0.636,1,0.2,0.1,0,0.5,1.7
Shaun Livingston\livinsh01,21,54,29.8,0.469,1.5,2.1,0.707,3.4,5.1,1.1,0.5,2,9.3
Kris Humphries\humphkr01,21,60,11.2,0.47,0.9,1.3,0.671,3.1,0.3,0.2,0.4,0.5,3.8
Dwight Howard\howardw01,21,82,36.9,0.603,4.8,8.1,0.586,12.3,1.9,0.9,1.9,3.9,17.6
Gerald Green\greenge01,21,81,22,0.484,1.6,2,0.805,2.6,1,0.5,0.3,1.5,10.4
Monta Ellis\ellismo01,21,77,34.3,0.495,3.5,4.6,0.763,3.2,4.1,1.7,0.3,2.9,16.5
Luol Deng\denglu01,21,82,37.5,0.518,3.4,4.4,0.777,7.1,2.5,1.2,0.6,1.9,18.8
Jackie Butler\butleja01,21,11,9.4,0.457,0.8,0.9,0.9,2,0.5,0.2,0,0.9,3.7
Shannon Brown\brownsh01,21,23,8.8,0.426,0.4,0.6,0.714,0.9,0.4,0.3,0.1,0.6,3.2
Ronnie Brewer\brewero02,21,56,12.1,0.528,1,1.5,0.675,1.3,0.4,0.7,0.1,0.4,4.6
Brandon Bass\bassbr01,21,21,7.7,0.341,0.6,0.8,0.75,2,0.1,0.1,0.1,0.5,2
Andrea Bargnani\bargnan01,21,65,25.1,0.507,1.8,2.2,0.824,3.9,0.8,0.5,0.8,1.6,11.6
Trevor Ariza\arizatr01,21,57,22.4,0.539,1.9,3,0.62,4.4,1.1,1,0.3,1.5,8.9
LaMarcus Aldridge\aldrila01,21,63,22.1,0.503,1.3,1.8,0.722,5,0.4,0.3,1.2,0.7,9
Bracey Wright\wrighbr02,22,19,10,0.45,0.7,0.9,0.722,1.1,0.8,0.5,0.1,0.3,3.5
Antoine Wright\wrighan01,22,63,18,0.476,0.7,1.2,0.603,2.8,0.9,0.5,0.2,0.7,4.5
Justin Williams\williju01,22,26,12.8,0.614,0.9,2.4,0.365,4.4,0.1,0.2,0.6,0.6,5
Deron Williams\willide01,22,80,36.9,0.494,2.8,3.7,0.767,3.3,9.3,1,0.2,3.1,16.2
Sasha Vujačić\vujacsa01,22,73,12.8,0.504,0.6,0.7,0.878,1.5,0.9,0.6,0,0.4,4.3
Marcus Vinicius\vincima01,22,13,7.9,0.567,0.4,0.5,0.714,0.8,0.4,0.2,0.1,0.5,1.7
Charlie Villanueva\villach01,22,39,25.2,0.508,1.9,2.3,0.82,5.8,0.9,0.6,0.3,1.4,11.8
Thabo Sefolosha\sefolth01,22,71,12.2,0.455,0.3,0.6,0.511,2.2,0.8,0.5,0.2,0.8,3.6
Brandon Roy\roybr01,22,57,35.4,0.492,3.5,4.2,0.838,4.4,4,1.2,0.2,2,16.8
Nate Robinson\robinna01,22,64,21.2,0.513,1.7,2.2,0.777,2.4,1.4,0.8,0.1,1.1,10.1
Jeremy Richardson\richaje01,22,6,3.3,0.667,0,0,,0.3,0,0.2,0,0.2,1.3
J.J. Redick\redicjj01,22,42,14.8,0.508,1.3,1.4,0.9,1.2,0.9,0.3,0,0.5,6
Allan Ray\rayal01,22,47,15.1,0.479,0.9,1.2,0.764,1.5,0.9,0.4,0.1,0.9,6.2
Kendrick Perkins\perkike01,22,72,21.9,0.491,0.8,1.4,0.6,5.2,1.3,0.3,1.3,1.6,4.5
Zaza Pachulia\pachuza01,22,72,28.1,0.474,4.1,5.2,0.786,6.9,1.5,1.1,0.5,2.3,12.2
Travis Outlaw\outlatr01,22,67,22.9,0.443,2.1,2.7,0.79,3.2,0.8,0.9,1.1,1,9.6
David Noel\noelda01,22,68,11.6,0.415,0.5,0.6,0.86,1.8,1,0.4,0.1,0.6,2.7
Adam Morrison\morriad01,22,78,29.8,0.422,1.5,2.2,0.71,2.9,2.1,0.4,0.1,1.7,11.8
Chris McCray\mccrach01,22,5,2.4,0,0,0,,0,0,0,0,0.4,0
Rashad McCants\mccanra01,22,37,15,0.407,1.1,1.6,0.69,1.3,1,0.7,0.2,1.1,5
Sean May\mayse01,22,35,23.9,0.503,2.5,3.2,0.768,6.7,1.9,0.5,0.7,1.6,11.9
Linas Kleiza\kleizli01,22,79,18.8,0.509,1.5,1.7,0.852,3.4,0.6,0.4,0.2,1,7.6
Tarence Kinsey\kinseta01,22,48,20.1,0.479,1.6,2,0.796,2,0.9,1.1,0,1,7.7
Solomon Jones\jonesso01,22,58,11.5,0.508,1,1.3,0.787,2.3,0.2,0.2,0.7,0.4,3.3
Al Jefferson\jeffeal01,22,69,33.6,0.514,2.9,4.3,0.681,11,1.3,0.7,1.5,2,16
LeBron James\jamesle01,22,78,40.9,0.507,6.3,9,0.698,6.7,6,1.6,0.7,3.2,27.3
Mile Ilić\ilicmi01,22,5,1.2,0,0,0,,0.2,0,0,0,0.6,0
Ryan Hollins\holliry01,22,27,6.9,0.556,0.9,1.5,0.6,1.1,0,0.1,0.3,0.6,2.4
Mike Hall\hallmi01,22,2,6.5,0.25,0,0,,1,0.5,0,0,0,1
Raymond Felton\feltora01,22,78,36.3,0.434,2.6,3.3,0.797,3.4,7,1.5,0.1,2.9,14
Quincy Douby\doubyqu01,22,42,8.5,0.429,0.3,0.4,0.733,0.9,0.4,0.4,0.1,0.4,2.8
Paul Davis\davispa01,22,31,5.8,0.423,0.2,0.3,0.7,1.4,0.2,0.2,0.2,0.3,1.6
Mardy Collins\collima01,22,52,14.9,0.41,0.9,1.6,0.585,2,1.6,0.6,0.1,1.1,4.5
Rodney Carney\carnero01,22,67,17.4,0.496,0.8,1.3,0.609,1.9,0.4,0.6,0.3,0.6,6.6
Dee Brown\brownde03,22,49,9.2,0.357,0.5,0.8,0.649,0.8,1.7,0.4,0.1,0.6,1.9
Chris Bosh\boshch01,22,69,38.5,0.502,6.7,8.6,0.785,10.7,2.5,0.6,1.3,2.6,22.6
Josh Boone\boonejo01,22,61,11,0.579,0.9,1.7,0.544,2.9,0.2,0.2,0.3,0.5,4.2
Andrew Bogut\bogutan01,22,66,34.2,0.554,1.7,2.9,0.577,8.8,3,0.7,0.5,2.3,12.3
J.J. Barea\bareajo01,22,33,5.8,0.397,0.5,0.7,0.667,0.8,0.7,0,0,0.4,2.4
Renaldo Balkman\balkmre01,22,68,15.6,0.515,0.8,1.3,0.567,4.3,0.6,0.8,0.6,0.7,4.9
James Augustine\augusja01,22,2,3.5,0.333,0,0,,1.5,1,0,0,0,1
Hilton Armstrong\armsthi01,22,56,11.3,0.544,0.7,1.2,0.597,2.7,0.2,0.2,0.5,0.6,3.1
Carmelo Anthony\anthoca01,22,65,38.2,0.489,7.1,8.7,0.808,6,3.8,1.2,0.4,3.6,28.9
Maurice Ager\agerma01,22,32,6.7,0.35,0.6,1,0.606,0.7,0.2,0.1,0.1,0.5,2.2
Hassan Adams\adamsha01,22,61,8.1,0.556,0.4,0.6,0.667,1.3,0.2,0.3,0.1,0.4,2.9
Shelden Williams\willish02,23,81,18.7,0.458,1.4,1.8,0.764,5.4,0.5,0.6,0.5,1.2,5.5
Delonte West\westde01,23,69,32.2,0.472,2.4,2.9,0.853,3,4.4,1.1,0.5,2,12.2
Dajuan Wagner\wagneda02,23,1,7,1.5,1,2,0.5,0,1,0,0,1,4
Dijon Thompson\thompdi01,23,6,8.3,0.4,0.8,1,0.833,1.3,0.3,0,0,0.2,2.8
Kirk Snyder\snydeki01,23,39,14.4,0.49,1.3,1.9,0.653,2.1,1,0.3,0.3,0.7,4.9
Steven Smith\smithst03,23,8,3.5,0.25,0.1,0.3,0.5,0.8,0,0.1,0,0.3,0.6
Craig Smith\smithcr01,23,82,18.7,0.531,1.4,2.3,0.624,5.1,0.6,0.6,0.2,0.9,7.4
Uroš Slokar\slokaur01,23,20,3.6,0.558,0.5,0.7,0.692,0.7,0.1,0.1,0.1,0.5,1.9
Wayne Simien\simiewa01,23,8,11.6,0.391,0.6,0.9,0.714,1.4,0.5,0.3,0,0.4,2.9
Jamal Sampson\sampsja01,23,22,5.7,0.643,0.3,0.6,0.429,2.2,0.2,0.1,0.3,0.5,1.1
Anthony Roberson\roberan02,23,20,11.4,0.524,0.1,0.2,0.667,1.1,0.5,0.6,0,0.7,5.6
Shavlik Randolph\randosh01,23,13,13.8,0.479,0.9,1.7,0.545,4.2,0.3,0.5,0.8,0.7,4.5
Chris Quinn\quinnch01,23,42,9.7,0.443,0.6,0.9,0.676,0.7,1.5,0.4,0,0.5,3.4
Ronnie Price\pricero01,23,58,9.7,0.451,0.6,0.9,0.673,1.2,0.8,0.5,0.1,0.6,3.3
Leon Powe\powele01,23,63,11.4,0.446,1.7,2.3,0.736,3.4,0.2,0.2,0.3,0.7,4.2
Kevinn Pinkney\pinknke01,23,6,16.7,0.463,1,1.5,0.667,2.5,0.8,0.5,0.5,0.7,5.2
Sasha Pavlović\pavloal01,23,67,22.9,0.514,1.5,1.9,0.794,2.4,1.6,0.8,0.3,1.5,9
Steve Novak\novakst01,23,35,5.5,0.49,0.1,0.1,1,0.7,0.2,0.1,0,0.1,1.5
Pops Mensah-Bonsu\mensapo01,23,12,5.9,0.647,0.6,1.5,0.389,1.8,0,0.1,0,0.8,2.4
Jason Maxiell\maxieja01,23,67,14.1,0.5,1.1,2,0.526,2.8,0.2,0.4,0.9,0.8,5
Kevin Martin\martike02,23,80,35.2,0.533,6,7.1,0.844,4.3,2.2,1.2,0.1,1.7,20.2
David Lee\leeda02,23,58,29.8,0.6,2.4,3,0.815,10.4,1.8,0.8,0.4,1.6,10.7
James Lang\langja01,23,11,5,0.444,0.3,0.5,0.6,1,0.2,0,0.3,0.2,1
Nenad Krstić\krstine01,23,26,32.6,0.526,3.3,4.7,0.711,6.8,1.8,0.4,0.9,2,16.4
Dwayne Jones\jonesdw02,23,4,4.5,0,0.8,1.5,0.5,1.5,0,0,0,0.5,0.8
Bobby Jones\jonesbo02,23,44,7.6,0.468,0.5,0.9,0.561,1.3,0.4,0.3,0,0.4,2.5
Alexander Johnson\johnsal01,23,59,12.8,0.538,1.3,2,0.661,3.1,0.3,0.4,0.6,0.8,4.4
Jarrett Jack\jackja01,23,79,33.6,0.499,3.1,3.5,0.871,2.6,5.3,1.1,0.1,2.4,12
Andre Iguodala\iguodan01,23,76,40.3,0.471,5.9,7.3,0.82,5.7,5.7,2,0.4,3.4,18.2
Julius Hodge\hodgeju01,23,9,7.2,0.5,0.3,0.4,0.75,0.9,1.3,0.4,0,0.3,1.7
Robert Hite\hitero01,23,12,11.3,0.358,0.7,1,0.667,1.3,0.7,0.3,0.2,0.5,4.3
Chuck Hayes\hayesch01,23,78,22,0.573,0.7,1.1,0.618,6.7,0.6,0.9,0.2,0.8,5.6
Devin Harris\harride01,23,80,26,0.504,2.7,3.3,0.824,2.5,3.7,1.2,0.3,1.8,10.2
Danny Granger\grangda01,23,82,34,0.522,2.9,3.6,0.803,4.6,1.4,0.8,0.7,1.6,13.9
Ben Gordon\gordobe01,23,82,33,0.513,4.6,5.4,0.864,3.1,3.6,0.8,0.2,3,21.4
Mickaël Gelabale\gelabmi01,23,70,17.7,0.483,0.9,1.2,0.805,2.5,0.8,0.3,0.3,0.7,4.6
Channing Frye\fryech01,23,72,26.3,0.435,1.2,1.5,0.787,5.5,0.9,0.5,0.6,1.4,9.5
Randy Foye\foyera01,23,82,22.9,0.483,2,2.3,0.854,2.7,2.8,0.6,0.3,1.9,10.1
T.J. Ford\fordtj01,23,75,29.9,0.447,3.2,3.9,0.819,3.1,7.9,1.3,0.1,3.1,14
Daniel Ewing\ewingda01,23,61,11.7,0.447,0.6,0.7,0.778,1.2,1.5,0.5,0.1,0.8,2.9
Ike Diogu\dioguik01,23,59,12.9,0.477,1.9,2.4,0.8,3.4,0.4,0.1,0.4,1.1,6.2
Josh Childress\childjo01,23,55,36.8,0.529,3,3.8,0.795,6.2,2.3,1.1,0.7,1.5,13
Cedric Bozeman\bozemce01,23,23,8.7,0.308,0.1,0.3,0.333,1,0.4,0.2,0.1,0.4,1.1
Will Blalock\blalowi01,23,14,11.9,0.317,0.4,0.4,1,1.1,1.2,0.4,0,0.9,1.8
Esteban Batista\batises01,23,13,6.2,0.5,0.3,0.5,0.571,2.3,0.3,0.2,0,0.3,1.5
Kelenna Azubuike\azubuke01,23,41,16.3,0.523,1.5,1.9,0.782,2.3,0.7,0.5,0.2,1,7.1
Mo Williams\willima01,24,68,36.4,0.484,2.3,2.7,0.855,4.8,6.1,1.3,0.1,3,17.3
Chris Wilcox\wilcoch01,24,82,31.5,0.529,2.9,4.3,0.684,7.7,1,0.9,0.5,1.5,13.5
James White\whiteja02,24,6,22.8,0.463,2,2.5,0.8,3.3,0.8,0.5,0.2,0.8,8.3
Hakim Warrick\warriha01,24,82,26.2,0.524,3.6,4.7,0.771,5.1,0.9,0.5,0.4,2,12.7
Gerald Wallace\wallage01,24,72,36.7,0.523,4.3,6.2,0.691,7.2,2.6,2,1,2.2,18.1
Anderson Varejão\varejan01,24,81,23.9,0.476,2,3.3,0.616,6.7,0.9,0.9,0.6,0.8,6.8
Beno Udrih\udrihbe01,24,73,13,0.417,0.7,0.8,0.883,1.1,1.7,0.4,0,0.8,4.7
Ronny Turiaf\turiaro01,24,72,15.1,0.549,1.2,1.9,0.664,3.6,0.9,0.2,1.1,0.7,5.3
Donell Taylor\taylodo01,24,47,7.9,0.411,0.2,0.4,0.524,1.1,1,0.4,0.1,0.5,2.7
Mike Sweetney\sweetmi01,24,48,8,0.433,0.8,1.4,0.561,2.5,0.6,0.2,0.2,0.9,3.2
Amar'e Stoudemire\stoudam01,24,82,32.8,0.575,5.6,7.1,0.781,9.6,1,1,1.3,2.8,20.4
Salim Stoudamire\stoudsa01,24,61,17,0.482,1,1.1,0.897,1.2,1,0.3,0,0.9,7.7
Vassilis Spanoulis\spanova01,24,31,8.8,0.354,1.1,1.4,0.81,0.7,0.9,0.2,0,0.9,2.7
Luke Schenscher\schenlu01,24,11,10.7,0.304,0.5,0.6,0.714,2.3,0.1,0.2,0.4,0.4,1.7
Lawrence Roberts\roberla01,24,54,17.9,0.452,1.8,2.4,0.725,4.8,0.6,0.7,0.2,0.7,5.2
Jared Reiner\reineja01,24,27,9,0.349,0.1,0.4,0.3,2.6,0.5,0.2,0.2,0.5,1.2
Roger Powell\powelro01,24,3,4.3,0,0.7,0.7,1,1,0,0,0,1,0.7
Josh Powell\poweljo01,24,37,9.5,0.462,0.8,1.1,0.714,2.4,0.6,0.1,0.3,0.8,3.1
Mickaël Piétrus\pietrmi01,24,72,26.9,0.567,1.9,2.9,0.648,4.5,0.9,0.7,0.8,1.5,11.1
Tony Parker\parketo01,24,77,32.5,0.527,3.6,4.5,0.783,3.2,5.5,1.1,0.1,2.5,18.6
Emeka Okafor\okafoem01,24,67,34.8,0.532,2.6,4.4,0.593,11.3,1.2,0.9,2.6,1.7,14.4
Jameer Nelson\nelsoja01,24,77,30.3,0.467,2.4,2.9,0.828,3.1,4.3,0.9,0.1,2.4,13
Ivan McFarlin\mcfariv01,24,11,3.7,0.385,0.5,0.6,0.714,1,0.1,0,0,0.1,1.4
Rawle Marshall\marshra01,24,40,9,0.382,0.8,1.1,0.689,0.7,0.3,0.3,0.1,0.5,2.5
Renaldo Major\majorre01,24,1,27,0.2,1,2,0.5,2,0,2,0,1,5
John Lucas III\lucasjo02,24,47,8.1,0.446,0.3,0.4,0.789,0.8,0.7,0.4,0,0.3,3.3
Viktor Khryapa\khryavi01,24,33,7,0.386,0.6,0.8,0.731,1.7,0.6,0.3,0,0.5,2.2
Chris Kaman\kamanch01,24,75,29,0.451,2.2,3,0.741,7.8,1.1,0.5,1.5,2,10.1
Nenê\hilarne01,24,64,26.8,0.57,3,4.4,0.689,7,1.2,1,0.9,2,12.2
Luther Head\headlu01,24,80,27.6,0.564,1,1.3,0.79,3.2,2.4,1,0.1,1.7,10.9
David Harrison\harrida01,24,24,7.9,0.517,0.5,0.9,0.5,1.8,0.3,0.2,0.5,1.1,3
Eddie Griffin\griffed01,24,13,7.1,0.259,0.3,0.4,0.8,1.9,0.3,0,0.5,0.5,1.4
Orien Greene\greenor01,24,41,6.2,0.387,0.4,0.6,0.6,1.1,0.5,0.4,0.1,0.7,1.5
Stephen Graham\grahast01,24,14,11.8,0.463,0.6,0.6,0.889,1.5,0.4,0.3,0.1,0.9,3.2
Joey Graham\grahajo01,24,79,16.7,0.506,1.4,1.7,0.84,3.1,0.6,0.4,0.1,0.6,6.4
Ryan Gomes\gomesry01,24,73,31.2,0.479,2.6,3.2,0.811,5.6,1.6,0.7,0.2,1.4,12.1
Chris Duhon\duhonch01,24,78,24.4,0.499,1,1.3,0.752,2.2,4,0.9,0.1,1.3,7.2
Travis Diener\dienetr01,24,26,11.1,0.538,0.5,0.6,0.8,0.7,1.3,0.2,0,0.5,3.8
Yakhouba Diawara\diawaya01,24,64,18.4,0.426,0.5,0.8,0.66,1.7,0.9,0.5,0.1,0.6,4.4
Boris Diaw\diawbo01,24,73,31.1,0.551,1.1,1.6,0.683,4.3,4.8,0.4,0.5,2.1,9.7
Carlos Delfino\delfica01,24,82,16.7,0.476,0.9,1.1,0.787,3.2,1.1,0.6,0.1,0.7,5.2
Eddy Curry\curryed01,24,81,35.2,0.576,5,8.1,0.615,7,0.8,0.4,0.5,3.6,19.5
Will Conroy\conrowi01,24,7,7.4,0,0,0.6,0,1,1.3,0,0,0.3,0
Tyson Chandler\chandty01,24,73,34.6,0.624,1.5,2.8,0.527,12.4,0.9,0.5,1.8,1.7,9.5
Kwame Brown\brownkw01,24,41,27.6,0.591,1.4,3.3,0.44,6,1.8,1,1.2,1.9,8.4
Andre Barrett\barrean01,24,6,4.8,0.5,0,0,,0.8,1.2,0,0,0.7,1.3
Leandro Barbosa\barbole01,24,80,32.7,0.562,2.5,2.9,0.845,2.7,4,1.2,0.2,1.8,18.1
Alan Anderson\anderal01,24,17,15.1,0.488,1.1,1.4,0.826,1.9,1.2,0.4,0,1.3,5.8
Lou Amundson\amundlo01,24,11,8.1,0.4,0.4,0.9,0.4,2.5,0.1,0.1,0.7,0.5,1.5
Dwyane Wade\wadedw01,25,51,37.9,0.502,8.5,10.5,0.807,4.7,7.5,2.1,1.2,4.2,27.4
DeShawn Stevenson\stevede01,25,82,29.5,0.51,1.9,2.6,0.704,2.6,2.7,0.8,0.2,1.5,11.2
Pape Sow\sowpa01,25,7,4.9,0.333,0.6,0.9,0.667,1.6,0.3,0.1,0.1,0.1,1.4
James Singleton\singlja01,25,53,7.1,0.384,0.4,0.5,0.759,2,0.3,0.3,0.3,0.3,1.6
Quinton Ross\rossqu01,25,81,21,0.47,0.8,1.1,0.782,2.3,1.1,0.9,0.4,0.4,5.2
Luke Ridnour\ridnolu01,25,71,29.5,0.468,1.8,2.2,0.805,2.3,5.2,1.2,0.3,2.2,11
Justin Reed\reedju01,25,41,7.8,0.374,0.6,0.7,0.867,1.1,0.4,0.1,0.1,0.5,2.6
Zach Randolph\randoza01,25,68,35.7,0.472,5.8,7.1,0.819,10.1,2.2,0.8,0.2,3.2,23.6
Smush Parker\parkesm01,25,82,30,0.506,1.4,2.1,0.646,2.5,2.8,1.5,0.1,1.9,11.1
Kyle Korver\korveky01,25,74,30.9,0.518,2.6,2.8,0.914,3.5,1.4,0.8,0.3,1.6,14.4
Andrei Kirilenko\kirilan01,25,70,29.3,0.49,2.5,3.4,0.728,4.7,2.9,1.1,2.1,1.9,8.3
Jason Kapono\kaponja01,25,67,26.4,0.59,1,1.1,0.892,2.7,1.2,0.6,0,1,10.9
Joe Johnson\johnsjo02,25,57,41.4,0.523,4.1,5.5,0.748,4.2,4.4,1.1,0.2,3.1,25
Jared Jeffries\jeffrja01,25,55,23.8,0.466,0.6,1.2,0.456,4.3,1.2,0.8,0.5,1.1,4.1
Luke Jackson\jackslu02,25,13,10.6,0.5,0.4,0.7,0.556,0.8,1,0.4,0.1,0.5,3.7
Royal Ivey\iveyro01,25,53,10.2,0.465,0.5,0.7,0.686,1,0.8,0.5,0.1,0.6,3
Steven Hunter\huntest01,25,70,22.9,0.577,1.1,2.2,0.49,4.8,0.4,0.2,1.1,0.9,6.4
Jarvis Hayes\hayesja01,25,81,20.1,0.471,0.9,1,0.845,2.6,1,0.6,0.2,0.7,7.2
Willie Green\greenwi01,25,74,24.9,0.441,1,1.5,0.667,2.1,1.5,0.8,0.1,1.4,11.3
Drew Gooden\goodedr01,25,80,28,0.474,1.8,2.5,0.714,8.5,1.1,0.9,0.4,1.4,11.1
Andreas Glyniadakis\glynian01,25,13,6.2,0.471,0.1,0.2,0.5,0.6,0.1,0,0,0.7,1.3
Francisco García\garcifr01,25,79,17.8,0.499,1.2,1.4,0.833,2.6,1.1,0.6,0.5,0.9,6
Matt Freije\freijma01,25,19,7.7,0.324,0.3,0.3,0.833,1.3,0.4,0.2,0.1,0.2,2.1
Desmon Farmer\farmede01,25,8,4,0.4,0.1,0.1,1,0.1,1.1,0.1,0,0.1,1.6
DeSagana Diop\diopde01,25,81,18.3,0.47,0.6,1.1,0.558,5.4,0.4,0.5,1.4,0.8,2.3
Samuel Dalembert\dalemsa01,25,82,30.9,0.541,2,2.7,0.746,8.9,0.8,0.6,1.9,2,10.7
José Calderón\caldejo01,25,77,21,0.546,1.5,1.9,0.818,1.7,5,0.8,0.1,1.4,8.7
Andre Brown\brownan01,25,38,7.1,0.568,0.2,0.4,0.6,1.9,0.1,0.2,0.1,0.8,2.4
Carlos Boozer\boozeca01,25,74,34.6,0.561,3.4,5,0.685,11.7,3,0.9,0.3,2.6,20.9
Earl Barron\barroea01,25,28,7.3,0.289,0.6,0.6,0.944,1.5,0.2,0.2,0.1,0.4,2.3
Marcus Banks\banksma01,25,45,11.2,0.441,1.1,1.3,0.8,0.8,1.3,0.5,0.1,0.9,4.9
Gilbert Arenas\arenagi01,25,74,39.8,0.484,8.2,9.7,0.844,4.6,6,1.9,0.2,3.2,28.4
Tony Allen\allento01,25,33,24.4,0.529,3.2,4.1,0.784,3.8,1.7,1.5,0.4,2.3,11.5
David West\westda01,26,52,36.5,0.481,3.6,4.4,0.824,8.2,2.2,0.8,0.7,1.9,18.3
Luke Walton\waltolu01,26,60,33,0.517,1.8,2.4,0.745,5,4.3,1,0.4,2,11.4
Bernard Robinson\robinbe01,26,31,9,0.306,0.7,0.9,0.852,1.5,0.6,0.5,0.1,0.5,2
Quentin Richardson\richaqu01,26,49,33.1,0.507,1.7,2.4,0.692,7.2,2.2,0.7,0.1,1.4,13
Jason Richardson\richaja01,26,51,32.8,0.492,1.8,2.7,0.657,5.1,3.4,1.1,0.6,1.6,16
Vladimir Radmanović\radmavl01,26,55,17.9,0.487,1,1.3,0.726,3.3,1.2,0.5,0.3,1.3,6.6
Tayshaun Prince\princta01,26,82,36.6,0.501,2.1,2.7,0.768,5.2,2.8,0.6,0.7,1.2,14.3
Boštjan Nachbar\nachbbo01,26,76,20.2,0.57,1.7,2.2,0.805,3.3,0.8,0.4,0.3,0.9,9.2
Troy Murphy\murphtr01,26,68,27.2,0.508,1.6,2.1,0.745,6.1,1.9,0.7,0.6,1.1,10.3
Yao Ming*\mingya01,26,48,33.8,0.516,7.4,8.6,0.862,9.4,2,0.4,2,3.5,25
Mike Miller\millemi01,26,70,39.1,0.56,2.3,2.9,0.793,5.4,4.3,0.8,0.3,2.6,18.5
Roger Mason\masonro01,26,62,7.9,0.422,0.2,0.3,0.875,0.7,0.6,0.2,0.1,0.3,2.7
James Jones\jonesja02,26,76,18.1,0.47,0.9,1.1,0.877,2.3,0.6,0.4,0.6,0.4,6.4
Dahntay Jones\jonesda02,26,78,21.4,0.483,1.8,2.2,0.793,2,0.9,0.5,0.3,1.2,7.5
Linton Johnson\johnsli01,26,54,13.3,0.516,0.6,0.7,0.811,3,0.3,0.6,0.3,0.5,4.2
DerMarr Johnson\johnsde03,26,39,10.7,0.386,0.4,0.5,0.762,1.5,0.4,0.4,0.3,0.7,3.5
Richard Jefferson\jefferi01,26,55,35.6,0.495,4.3,5.9,0.733,4.4,2.7,0.6,0.1,2.2,16.3
D.J. Mbenga\mbengdj01,26,21,3.8,0.313,0.3,0.4,0.875,0.5,0.3,0.1,0.2,0.2,0.8
Josh Howard\howarjo01,26,70,35.1,0.501,3.5,4.2,0.827,6.8,1.8,1.2,0.8,1.8,18.9
Kirk Hinrich\hinriki01,26,80,35.5,0.514,3,3.6,0.835,3.4,6.3,1.3,0.3,2.4,16.6
Udonis Haslem\hasleud01,26,79,31.4,0.492,1.7,2.6,0.68,8.3,1.2,0.6,0.3,1.4,10.7
Junior Harrington\harriju01,26,29,18.7,0.442,1.1,1.6,0.674,2.3,3.1,0.7,0.2,1.8,5.2
Al Harrington\harrial01,26,78,32.9,0.516,2.2,3.1,0.694,6.4,1.9,0.8,0.3,2.2,16.5
Pau Gasol\gasolpa01,26,59,36.2,0.54,5.1,6.8,0.748,9.8,3.4,0.5,2.1,2.7,20.8
Reggie Evans\evansre01,26,66,17.1,0.544,1.4,2.8,0.497,7,0.7,0.6,0.2,1.4,4.9
Ronald Dupree\duprero01,26,19,4.9,0.355,0.2,0.5,0.333,0.9,0.3,0.3,0.1,0.2,1.3
Mike Dunleavy\dunlemi02,26,82,31.5,0.493,2.6,3.3,0.784,5.3,2.8,1,0.3,1.8,12.8
Keyon Dooling\doolike01,26,66,21.7,0.444,1.7,2.1,0.809,1.3,1.7,0.8,0.2,1.1,7.9
Marquis Daniels\daniema01,26,45,17.8,0.47,1.2,1.8,0.7,1.8,1.3,0.6,0.2,1.2,7.1
Jamal Crawford\crawfja01,26,59,37.3,0.458,3.9,4.6,0.838,3.2,4.4,1,0.1,2.7,17.6
Brian Cook\cookbr01,26,65,15.7,0.51,0.5,0.7,0.723,3.3,1,0.4,0.4,0.8,6.9
Nick Collison\collini01,26,82,29,0.5,1.9,2.4,0.774,8.1,1,0.6,0.8,1.5,9.6
Matt Carroll\carroma01,26,72,26.1,0.517,2.6,2.9,0.904,2.9,1.3,0.7,0.1,1,12.1
Caron Butler\butleca01,26,63,39.3,0.472,4.5,5.2,0.863,7.4,3.7,2.1,0.3,2.9,19.1
Matt Bonner\bonnema01,26,56,11.7,0.523,0.5,0.7,0.711,2.8,0.4,0.3,0.2,0.4,4.9
Keith Bogans\boganke01,26,59,16.8,0.512,0.8,1.1,0.746,1.6,1,0.5,0,0.8,5.1
Steve Blake\blakest01,26,82,27.1,0.476,0.5,0.8,0.672,2.1,5,0.7,0.1,1.6,6.4
Matt Barnes\barnema02,26,76,23.9,0.522,1.2,1.6,0.732,4.6,2.1,1,0.5,1.4,9.8
Rafael Araújo\araujra01,26,28,8.9,0.415,0.6,1,0.621,2.4,0.4,0.2,0.1,0.6,2.6
Metta World Peace\artesro01,27,70,37.7,0.485,4.4,5.9,0.74,6.5,3.4,2.1,0.6,2.1,18.8
Mike Wilks\wilksmi01,27,47,11.4,0.486,0.7,0.9,0.786,1.1,1.7,0.3,0.1,0.7,3.6
Damien Wilkins\wilkida02,27,82,24.8,0.477,1.8,2.1,0.882,2.8,1.9,1.1,0.2,1.4,8.8
Earl Watson\watsoea01,27,77,27.9,0.45,1.4,1.9,0.735,2.4,5.7,1.3,0.3,2.2,9.4
Hedo Türkoğlu\turkohe01,27,73,31.1,0.485,2.3,3,0.781,4,3.2,1,0.2,2,13.3
Jake Tsakalidis\tsakaja01,27,36,10.8,0.403,0.7,1.1,0.667,2.9,0.1,0.2,0.3,0.7,2.3
Stromile Swift\swiftst01,27,54,19.1,0.465,1.8,2.5,0.724,4.6,0.3,0.6,1.1,1.3,7.8
John Salmons\salmojo01,27,79,27,0.495,2,2.6,0.779,3.3,3.2,0.9,0.3,1.5,8.5
Michael Redd\reddmi01,27,53,38.4,0.522,6.5,7.8,0.829,3.7,2.3,1.2,0.2,2.3,26.7
Joel Przybilla\przybjo01,27,43,16.3,0.474,0.2,0.6,0.37,3.9,0.3,0.2,1.6,0.9,2
Jannero Pargo\pargoja01,27,82,20.9,0.467,1.3,1.5,0.852,2.2,2.5,0.6,0,1.5,9.2
Mehmet Okur\okurme01,27,80,33.3,0.523,3.7,4.8,0.765,7.2,2,0.5,0.5,1.6,17.6
Lamar Odom\odomla01,27,56,39.3,0.508,3.5,5.1,0.7,9.8,4.8,0.9,0.6,2.9,15.9
Andrés Nocioni\nocioan01,27,53,26.5,0.536,2.3,2.7,0.848,5.7,1.1,0.5,0.5,2,14.1
Ronald Murray\murraro01,27,69,21.4,0.432,1.3,1.7,0.725,1.6,2.7,0.7,0.2,1.3,6.7
Stanislav Medvedenko\medvest01,27,14,5.8,0.431,1.2,1.4,0.85,1,0.1,0,0.1,0.4,3
Keith McLeod\mcleoke01,27,48,15,0.431,1.4,1.6,0.885,0.9,1.9,0.5,0.1,1,4.8
Tracy McGrady*\mcgratr01,27,71,35.8,0.474,4.9,6.9,0.707,5.3,6.5,1.3,0.5,3,24.6
Corey Maggette\maggeco01,27,75,30.5,0.462,6.9,8.4,0.82,5.9,2.8,0.9,0.2,2.7,16.9
Rashard Lewis\lewisra02,27,60,39.1,0.536,4.4,5.3,0.841,6.6,2.4,1.1,0.7,2,22.4
Jumaine Jones\jonesju01,27,18,7.7,0.373,0.1,0.1,1,1.3,0.1,0.3,0.1,0.4,2.2
Fred Jones\jonesfr01,27,63,20.9,0.439,1.5,1.8,0.833,1.8,1.7,0.8,0.3,1.1,6.5
Walter Herrmann\herrmwa01,27,48,19.5,0.608,0.9,1.1,0.774,2.9,0.5,0.4,0.1,0.7,9.2
Brendan Haywood\haywobr01,27,77,22.6,0.558,1.5,2.7,0.548,6.2,0.6,0.4,1.1,1.2,6.6
Trenton Hassell\hassetr01,27,76,29.3,0.497,0.9,1.2,0.783,3.2,2.7,0.3,0.3,1.1,6.7
Lynn Greer\greerly01,27,41,10.5,0.496,0.7,0.8,0.844,0.7,1.3,0.4,0,0.4,4.1
Ricky Davis\davisri01,27,81,37.3,0.521,3,3.5,0.839,3.9,4.8,1,0.3,2.6,17
Baron Davis\davisba01,27,63,35.3,0.48,4.4,5.9,0.745,4.4,8.1,2.1,0.5,3.1,20.1
Rasual Butler\butlera01,27,81,27.4,0.484,0.7,1.1,0.644,3.2,0.8,0.5,0.7,0.8,10.1
Primož Brezec\brezepr01,27,58,14.4,0.447,0.7,1.2,0.632,3.2,0.4,0.2,0.4,0.7,5
Elton Brand\brandel01,27,80,38.5,0.533,4.4,5.8,0.761,9.3,2.9,1,2.2,2.5,20.5
Charlie Bell\bellch01,27,82,34.7,0.503,1.6,2,0.78,2.9,3,1.2,0,1.3,13.5
Carlos Arroyo\arroyca01,27,72,18.1,0.439,1.8,2.3,0.795,1.9,2.8,0.5,0,1.3,7.7
Jamaal Tinsley\tinslja01,28,72,31.2,0.424,2.4,3.3,0.72,3.3,6.9,1.6,0.3,2.8,12.8
Etan Thomas\thomaet01,28,65,19.2,0.574,1.2,2.1,0.558,5.8,0.4,0.3,1.4,1.1,6.1
Darius Songaila\songada01,28,37,18.9,0.524,1.2,1.5,0.852,3.6,1,0.5,0.3,1.2,7.6
Brian Scalabrine\scalabr01,28,54,19,0.518,0.3,0.4,0.783,1.9,1.1,0.4,0.3,0.8,4
Jermaine O'Neal\onealje01,28,69,35.6,0.436,5,6.5,0.767,9.6,2.4,0.7,2.6,2.9,19.4
Dirk Nowitzki\nowitdi01,28,78,36.2,0.529,6.4,7.1,0.904,8.9,3.4,0.7,0.8,2.1,24.6
Shawn Marion\mariosh01,28,80,37.6,0.561,2.5,3.1,0.81,9.8,1.7,2,1.5,1.4,17.5
Jamaal Magloire\magloja01,28,81,21,0.504,1.6,3,0.541,6.1,0.4,0.3,0.8,1.6,6.5
Marko Jarić\jaricma01,28,70,22.2,0.468,1,1.3,0.761,2.6,2.1,1.1,0.2,1.3,5.3
Stephen Jackson\jacksst02,28,75,33.1,0.486,3.2,4,0.813,3,3.8,1.1,0.5,2.4,15.5
Larry Hughes\hughela01,28,70,37.1,0.439,3,4.4,0.676,3.8,3.7,1.3,0.4,2.2,14.9
Eddie House\houseed01,28,56,16.9,0.517,0.6,0.6,0.917,1.6,1.2,0.5,0.1,0.5,8.4
Jason Hart\hartja01,28,36,23.5,0.462,1.2,1.3,0.894,2.7,2.9,1.2,0,1.1,6.9
Richard Hamilton\hamilri01,28,75,36.8,0.486,4.6,5.4,0.861,3.8,3.8,0.8,0.2,2.1,19.8
Dan Gadzuric\gadzuda01,28,54,15.6,0.474,0.8,1.7,0.467,4.6,0.5,0.4,0.6,0.9,4.8
Maurice Evans\evansma01,28,76,22.8,0.476,1.6,2,0.787,2.9,1,0.5,0.2,0.8,8.4
Melvin Ely\elyme01,28,30,10.3,0.363,1,1.6,0.66,1.8,0.6,0.2,0.3,0.9,3
Juan Dixon\dixonju01,28,81,23.8,0.482,1.2,1.4,0.871,2,1.5,0.9,0.1,1.2,9.6
Dan Dickau\dickada01,28,50,8.9,0.411,0.8,1.1,0.792,0.9,1.4,0.3,0,0.5,3.3
Jason Collins\collija04,28,80,23.1,0.364,0.7,1.6,0.465,4,0.6,0.5,0.5,0.9,2.1
Jarron Collins\collija03,28,82,11.1,0.441,0.7,1,0.651,2.1,0.7,0.2,0.1,0.5,2.5
Speedy Claxton\claxtsp01,28,42,25.1,0.338,0.8,1.4,0.55,1.9,4.4,1.7,0.1,1.8,5.3
Kobe Bryant*\bryanko01,28,77,40.8,0.502,8.7,10,0.868,5.7,5.4,1.4,0.5,3.3,31.6
Devin Brown\brownde02,28,58,28.7,0.493,2.1,2.7,0.794,4.3,2.6,0.8,0.2,1.6,11.6
Mike Bibby\bibbymi01,28,82,34,0.478,3.5,4.2,0.83,3.2,4.7,1.1,0.1,2.4,17.1
Shane Battier\battish01,28,82,36.4,0.567,1.1,1.4,0.779,4.1,2.1,1,0.7,0.9,10.1
Malik Allen\allenma01,28,60,10.6,0.415,0.5,0.6,0.824,2,0.3,0.3,0.3,0.4,4
Jake Voskuhl\voskuja01,29,73,14.3,0.475,1.1,1.5,0.681,3.5,0.6,0.4,0.3,0.8,4.4
Ime Udoka\udokaim01,29,75,28.6,0.548,0.9,1.2,0.742,3.7,1.5,0.9,0.2,1,8.4
Tim Thomas\thomati01,29,76,27,0.508,1.3,1.9,0.708,5,2.3,0.7,0.4,1.4,11
Kenny Thomas\thomake01,29,62,22.8,0.482,0.6,1.2,0.513,6.1,1.2,0.7,0.3,1.5,5.3
Jason Terry\terryja01,29,81,35.1,0.56,2,2.5,0.804,2.9,5.2,1,0.2,1.9,16.7
Wally Szczerbiak\szczewa02,29,32,28.1,0.472,3.5,3.9,0.897,3.1,1.7,0.6,0.1,1.7,15
Peja Stojaković\stojape01,29,13,32.7,0.51,2.4,2.9,0.816,4.2,0.8,0.6,0.3,1.5,17.8
Paul Pierce\piercpa01,29,47,37,0.502,6.8,8.6,0.796,5.9,4.1,1,0.3,3.2,25
Morris Peterson\petermo01,29,71,21.3,0.532,1.2,1.7,0.683,3.3,0.7,0.6,0.2,0.7,8.9
Nazr Mohammed\mohamna01,29,51,15.2,0.532,1,1.6,0.61,4.5,0.2,0.5,0.8,0.8,5.6
Desmond Mason\masonde01,29,75,34.3,0.452,2.9,4.3,0.663,4.6,1.5,0.7,0.3,2.6,13.7
Kenyon Martin\martike01,29,2,31.5,0.5,1.5,6,0.25,10,0.5,0,0,2.5,9.5
Stephon Marbury\marbust01,29,74,37.1,0.48,4,5.2,0.769,2.9,5.4,1,0.1,2.4,16.4
Tyronn Lue\luety01,29,56,26.6,0.469,2.6,2.9,0.883,1.9,3.6,0.4,0,1.5,11.4
Gordan Giriček\giricgo01,29,61,19.5,0.53,1.2,1.4,0.816,2.1,1,0.5,0.1,1,7.8
Manu Ginóbili\ginobma01,29,75,27.5,0.539,4.3,5,0.86,4.4,3.5,1.5,0.4,2.1,16.5
Devean George\georgde01,29,60,21.4,0.466,0.6,0.8,0.75,3.6,0.6,0.8,0.4,0.9,6.4
Jorge Garbajosa\garbajo01,29,67,28.5,0.482,0.9,1.2,0.731,4.9,1.9,1.2,0.2,1,8.5
Steve Francis\francst01,29,44,28.1,0.469,4,4.8,0.829,3.6,3.9,0.9,0.3,2.3,11.3
Michael Doleac\doleami01,29,56,12.5,0.469,0.6,0.7,0.878,2.8,0.4,0.3,0.3,0.5,3.6
Brian Cardinal\cardibr01,29,28,11.2,0.6,0.9,1,0.926,2.1,1.1,0.8,0,0.8,4.5
Bonzi Wells\wellsbo01,30,28,21.1,0.413,1.6,2.9,0.561,4.3,1.1,0.9,0.5,2,7.8
Antoine Walker\walkean02,30,78,23.3,0.46,0.6,1.3,0.438,4.3,1.7,0.6,0.2,1.8,8.5
Maurice Taylor\tayloma01,30,12,8.6,0.286,0.7,1.1,0.615,2.3,0.4,0.3,0.1,0.5,2
Brian Skinner\skinnbr01,30,67,22.7,0.49,0.7,1.2,0.582,5.7,0.9,0.3,1,1.1,4.4
Michael Ruffin\ruffimi01,30,30,9,0.278,0.2,0.6,0.368,2.1,0.2,0.2,0.3,0.4,0.6
James Posey\poseyja01,30,71,27,0.543,1.1,1.4,0.827,5,1.3,1,0.3,0.8,7.7
Scott Padgett\padgesc01,30,31,7.5,0.357,0.2,0.4,0.462,1.7,0.3,0.2,0.1,0.3,1.5
Rasho Nesterović\nestera01,30,80,21,0.546,0.4,0.6,0.68,4.5,0.9,0.5,1.1,0.7,6.2
Eduardo Nájera\najered01,30,75,22.1,0.578,1.2,1.6,0.715,4.1,0.9,1,0.3,0.7,6.6
Brad Miller\millebr01,30,63,28.3,0.459,1.8,2.4,0.772,6.4,3.6,0.6,0.6,1.7,9
Andre Miller\millean02,30,80,37.1,0.469,2.8,3.5,0.784,4.4,7.8,1.4,0.1,2.8,13.4
Raef LaFrentz\lafrera01,30,27,13,0.392,0.7,1,0.769,2.6,0.3,0.3,0.4,0.5,3.7
Damon Jones\jonesda01,30,60,19.6,0.511,0.5,0.7,0.682,1.1,1.6,0.3,0,0.6,6.6
Šarūnas Jasikevičius\jasiksa01,30,63,15.4,0.466,1.4,1.5,0.905,1.1,2.7,0.4,0,1.4,6.1
Antawn Jamison\jamisan01,30,70,38,0.51,3.2,4.4,0.736,8,1.9,1.1,0.5,1.5,19.8
Troy Hudson\hudsotr01,30,34,16.3,0.451,0.8,0.9,0.813,1.4,2.1,0.4,0.1,1.2,5.9
Matt Harpring\harprma01,30,77,25.5,0.501,3.1,4,0.767,4.6,1.3,0.7,0.1,1.5,11.6
Pat Garrity\garripa01,30,33,8.4,0.393,0.5,0.5,0.889,1.3,0.4,0.2,0,0.4,2.2
Kevin Garnett*\garneke01,30,76,39.4,0.48,5.5,6.6,0.835,12.8,4.1,1.2,1.7,2.7,22.4
Jeff Foster\fosteje01,30,75,23.2,0.469,1,1.6,0.639,8.1,0.8,0.8,0.5,0.9,4.3
Danny Fortson\fortsda01,30,14,11.3,0.5,0.7,0.9,0.769,3.1,0.1,0.1,0,1.1,2.9
Francisco Elson\elsonfr01,30,70,19,0.511,0.9,1.1,0.775,4.8,0.8,0.4,0.8,1.2,5
Tim Duncan*\duncati01,30,80,34.1,0.547,4.5,7.1,0.637,10.6,3.4,0.8,2.4,2.8,20
Vince Carter\cartevi01,30,82,38.1,0.503,5.6,7,0.802,6,4.8,1,0.4,2.6,25.2
Greg Buckner\buckngr01,30,76,18.1,0.465,0.4,0.4,0.794,2.1,0.9,0.6,0.1,0.5,4
Earl Boykins\boykiea01,30,66,30.8,0.482,3.3,3.7,0.898,2.1,4.4,0.8,0,1.8,14.6
Calvin Booth\boothca01,30,44,8.6,0.477,0.1,0.2,0.6,1.8,0.4,0.1,0.7,0.2,1.6
Chauncey Billups\billuch01,30,70,36.2,0.494,5.5,6.2,0.883,3.4,7.2,1.2,0.2,2,17
Raja Bell\bellra01,30,78,37.4,0.539,1.5,1.9,0.776,3.2,2.5,0.6,0.3,1.1,14.7
Tony Battie\battito01,30,66,23.9,0.489,0.8,1.2,0.675,5.2,0.5,0.4,0.5,0.9,6.1
Rafer Alston\alstora01,30,82,37.1,0.47,1.6,2.2,0.734,3.4,5.4,1.6,0.1,2.1,13.3
Shareef Abdur-Rahim\abdursh01,30,80,25.2,0.476,2.1,2.9,0.726,5,1.4,0.7,0.5,1.5,9.9
Lorenzen Wright\wrighlo02,31,67,15.4,0.448,0.1,0.5,0.281,3.2,0.6,0.4,0.4,0.6,2.6
Shammond Williams\willish01,31,30,11.5,0.523,0.1,0.2,0.667,1.3,1,0.4,0,0.4,3.1
Jason Williams\willija02,31,61,30.6,0.501,1.5,1.7,0.913,2.3,5.3,1,0,1.6,10.9
Jacque Vaughn\vaughja01,31,64,11.9,0.428,0.8,1,0.754,1.1,2,0.4,0,0.6,3
Joe Smith\smithjo02,31,65,23.1,0.449,1.9,2.3,0.845,6.2,0.8,0.6,0.4,1.2,8.5
Vitaly Potapenko\potapvi01,31,3,4.3,0,0,0,,0.7,0,0,0,0.7,0
Scot Pollard\pollasc01,31,24,4.5,0.423,0.1,0.2,0.5,1.3,0.1,0.2,0,0.2,1
Ruben Patterson\patteru01,31,81,31,0.55,3,4.6,0.641,5.4,2.9,1.4,0.3,2.5,14.7
Anthony Parker\parkean01,31,73,33.4,0.561,1.8,2.2,0.835,3.9,2.1,1,0.2,1,12.4
Michael Olowokandi\olowomi01,31,24,9.8,0.413,0.1,0.1,0.667,2,0.2,0.3,0.5,0.7,1.7
Fabricio Oberto\obertfa01,31,79,17.3,0.562,0.4,0.6,0.647,4.7,0.9,0.3,0.3,0.9,4.4
Mikki Moore\mooremi01,31,79,26.4,0.609,2,3,0.681,5.1,0.9,0.6,0.8,1.4,9.8
Cuttino Mobley\moblecu01,31,78,36.4,0.497,2.6,3.1,0.837,3.4,2.5,1.2,0.3,1.9,13.8
Sean Marks\marksse01,31,3,5.7,0.333,0.7,0.7,1,1,0,0,0.3,0,2
Mark Madsen\madsema01,31,56,8.4,0.535,0.3,0.5,0.517,1.6,0.2,0.2,0.2,0.4,1.1
Randy Livingston\livinra01,31,4,6.5,0,0,0,,0.3,1,0,0,0.3,0
Brevin Knight\knighbr01,31,45,28.3,0.42,2.3,2.8,0.805,2.6,6.6,1.5,0.1,2.1,9.1
Mike James\jamesmi01,31,82,25.2,0.479,1.9,2.2,0.837,2,3.6,0.7,0.1,1.6,10.1
Jerome James\jamesje01,31,41,6.7,0.418,0.2,0.4,0.556,1.6,0.1,0.1,0.4,0.6,1.9
Allen Iverson*\iversal01,31,65,42.5,0.466,7.5,9.4,0.795,3,7.2,1.9,0.2,4.1,26.3
Zydrunas Ilgauskas\ilgauzy01,31,78,27.3,0.485,2,2.5,0.807,7.7,1.6,0.6,1.3,1.8,11.9
Adonal Foyle\foylead01,31,48,9.9,0.565,0.2,0.5,0.44,2.6,0.4,0.2,1,0.5,2.2
Antonio Daniels\daniean01,31,80,22,0.467,2.6,3.1,0.832,1.9,3.6,0.5,0.1,0.9,7.1
Erick Dampier\dampier01,31,76,25.2,0.626,1.6,2.5,0.623,7.4,0.6,0.3,1.1,1.4,7.1
Austin Croshere\croshau01,31,61,11.9,0.41,0.7,0.9,0.865,3,0.7,0.2,0.1,0.5,3.7
Anthony Carter\cartean01,31,2,18.5,0.375,0,0,,1.5,5.5,0,0.5,3,3
Mark Blount\blounma01,31,82,31,0.514,1.8,2.4,0.754,6.2,0.8,0.5,0.7,1.9,12.3
Maceo Baston\bastoma01,31,47,8.6,0.664,0.8,1,0.787,1.6,0.3,0.3,0.4,0.7,2.9
Ray Allen*\allenra02,31,55,40.3,0.51,5.1,5.6,0.903,4.5,4.1,1.5,0.2,2.8,26.4
Alvin Williams\willial02,32,2,5,0,1,2,0.5,0.5,1.5,1,0,1.5,1
Rasheed Wallace\wallara01,32,75,32.3,0.485,1.4,1.8,0.788,7.2,1.7,1,1.6,1.3,12.3
Ben Wallace\wallabe01,32,77,35,0.454,1.4,3.5,0.408,10.7,2.4,1.4,2,1.3,6.4
Jerry Stackhouse\stackje01,32,67,24.1,0.476,2.7,3.2,0.847,2.2,2.8,0.8,0.1,1.7,12
Malik Rose\rosema01,32,65,12.5,0.403,0.6,0.8,0.808,2.7,1,0.4,0.1,1,3
Ira Newble\newblir01,32,15,8.6,0.541,0.4,0.7,0.6,2,0.1,0.4,0,0.2,3.1
Steve Nash*\nashst01,32,76,35.3,0.613,2.9,3.3,0.899,3.5,11.6,0.8,0.1,3.8,18.6
Jeff McInnis\mcinnje01,32,38,18.5,0.395,0.6,0.8,0.688,1.6,3.3,0.4,0,1.1,4.3
Antonio McDyess\mcdyean01,32,82,21.1,0.526,1.2,1.7,0.691,6,0.9,0.7,0.8,0.9,8.1
Anthony Johnson\johnsan02,32,67,19.4,0.45,0.7,0.9,0.754,1.5,3,0.5,0,1.1,5.3
Marc Jackson\jacksma02,32,56,18.3,0.41,1.6,1.8,0.874,3.4,1,0.4,0.1,1.2,7.3
Adrian Griffin\griffad01,32,54,10.8,0.473,0.3,0.4,0.789,2,1.1,0.6,0.1,0.7,2.5
Derek Fisher\fishede01,32,82,27.9,0.418,3.2,3.7,0.853,1.8,3.3,1,0.1,1.5,10.1
Kelvin Cato\catoke01,32,18,5.3,0.318,0.4,0.7,0.667,1.7,0,0.2,0.6,0.3,1.2
Marcus Camby\cambyma01,32,70,33.8,0.473,2.3,3.2,0.729,11.7,3.2,1.2,3.3,1.7,11.2
Chucky Atkins\atkinch01,32,75,27.5,0.515,3.4,4.1,0.81,1.9,4.6,0.7,0.1,1.7,13.2
Derek Anderson\anderde01,32,50,23.8,0.52,1.9,2.1,0.877,2.3,2.7,1,0.1,1.1,8
Corliss Williamson\willico02,33,68,19.7,0.51,2.2,3,0.715,3.3,0.6,0.4,0.2,1.4,9.1
Chris Webber\webbech01,33,61,29.9,0.455,1.7,2.6,0.638,7.2,3.1,1,0.7,1.8,11.2
Damon Stoudamire\stoudda01,33,62,24.2,0.459,1.1,1.3,0.795,2.2,4.8,0.8,0,1.6,7.5
Eric Snow\snower01,33,82,23.5,0.417,0.9,1.4,0.637,2.3,4,0.7,0.2,1.4,4.2
Theo Ratliff\ratlith01,33,2,22,0.333,1.5,2,0.75,3.5,0,0.5,1.5,0.5,2.5
Donyell Marshall\marshdo01,33,81,16.8,0.52,0.7,1,0.663,4,0.6,0.5,0.5,0.8,7
Jason Kidd*\kiddja01,33,80,36.7,0.475,2.2,2.9,0.778,8.2,9.2,1.6,0.3,2.7,13
Bobby Jackson\jacksbo01,33,56,23.8,0.446,2.3,3,0.774,3.2,2.5,0.9,0.1,1.4,10.6
Juwan Howard\howarju01,33,80,26.5,0.465,1.9,2.4,0.824,5.9,1.6,0.4,0.1,1.4,9.7
Othella Harrington\harriot01,33,26,8.5,0.446,0.7,0.8,0.773,1.5,0.2,0,0,0.6,2.6
Michael Finley\finlemi01,33,82,22.2,0.49,1.1,1.2,0.918,2.7,1.3,0.4,0.2,0.6,9
Pat Burke\burkepa01,33,23,7.1,0.4,0.3,0.6,0.615,2,0.2,0.1,0.1,0.3,2.6
Eric Williams\willier01,34,21,5.8,0.489,0.4,0.7,0.571,0.8,0.3,0.1,0,0.3,2.6
Kurt Thomas\thomaku01,34,67,18,0.486,0.8,1.1,0.789,5.7,0.4,0.4,0.4,0.5,4.6
Jalen Rose\roseja01,34,29,8.5,0.564,0.4,0.4,0.917,0.8,0.6,0.2,0.1,0.3,3.7
Kevin Ollie\ollieke01,34,53,17.3,0.433,0.7,0.8,0.822,1.4,2.5,0.4,0,0.9,3.8
Shaquille O'Neal*\onealsh01,34,40,28.4,0.591,3.1,7.4,0.422,7.4,2,0.2,1.4,2.4,17.3
Aaron McKie\mckieaa01,34,10,13.1,0.647,0,0,,1.8,1.3,0.4,0,0.8,2.2
Grant Hill*\hillgr01,34,65,30.9,0.52,3.8,5,0.765,3.6,2.1,0.9,0.4,2.2,14.4
Alan Henderson\hendeal01,34,38,11,0.642,0.9,1.2,0.702,2.8,0.3,0.2,0.3,0.3,3.1
Aaron Williams\williaa01,35,38,9.8,0.547,0.5,0.6,0.818,2.2,0.2,0.2,0.4,0.5,2
Bo Outlaw\outlabo01,35,41,11.2,0.667,0.3,0.5,0.591,2.6,0.4,0.4,0.1,0.5,2
Darrick Martin\martida01,35,31,7.1,0.42,0.5,0.7,0.714,0.4,1.4,0.1,0,0.4,3
Eddie Jones\jonesed02,35,64,24.9,0.514,0.9,1.2,0.787,3,1.7,1.1,0.2,0.7,7.7
Bruce Bowen\bowenbr01,35,82,30,0.5,0.5,0.9,0.589,2.7,1.4,0.8,0.3,0.8,6.2
Brent Barry\barrybr01,35,75,21.7,0.626,1.4,1.6,0.88,2.1,1.8,0.7,0.2,0.8,8.5
David Wesley\wesleda01,36,35,10.1,0.353,0.6,0.8,0.714,1,1.1,0.3,0.1,0.5,2.1
Eric Piatkowski\piatker01,36,11,6.6,0.5,0.2,0.2,1,0.8,0.4,0,0.1,0.5,2.5
Alonzo Mourning*\mournal01,36,77,20.4,0.56,2.4,4,0.601,4.5,0.2,0.2,2.3,1.7,8.6
Lindsey Hunter\hunteli01,36,52,14.3,0.463,0.6,0.6,0.909,0.9,1.8,0.7,0.1,0.7,4.9
Robert Horry\horryro01,36,68,16.5,0.458,0.6,0.9,0.594,3.4,1.1,0.7,0.6,0.6,3.9
Doug Christie\chrisdo01,36,7,11.7,0.324,0.3,0.4,0.667,1.6,1.1,0.4,0.1,0.7,1.9
Dale Davis\davisda01,37,46,10.1,0.446,0.4,0.6,0.654,3,0.3,0.2,0.7,0.3,1.8
Sam Cassell\cassesa01,37,58,24.3,0.443,2.8,3.1,0.879,2.9,4.7,0.5,0.1,1.7,12.3
P.J. Brown\brownpj01,37,72,20.2,0.407,1.3,1.7,0.787,4.8,0.7,0.3,0.7,1.2,6.1
Gary Payton*\paytoga01,38,68,22.1,0.437,0.6,0.8,0.667,1.9,3,0.6,0,1,5.3
Darrell Armstrong\armstda01,38,81,15.7,0.509,0.9,1.1,0.785,1.7,2.4,0.9,0.1,0.9,5.6
Clifford Robinson\robincl02,40,50,19.1,0.429,0.3,0.7,0.444,2.4,1,0.2,0.5,0.6,4.1
Dikembe Mutombo*\mutomdi01,40,75,17.2,0.556,0.8,1.2,0.69,6.5,0.2,0.3,1,0.5,3.1
Kevin Willis\willike02,44,5,8.6,0.385,0.4,0.4,1,1.6,0.2,0.4,0.2,0.4,2.4